/*
    Script DML de insercion de datos en tablas de base de datos bd-libros. 

*/


--
-- Dumping data for table `tblautores`
-- 92 records
--

INSERT INTO `tblautores` VALUES 
(7987,NULL,'Mark',' P. O. Morford','Mark P. O. Morford',NULL,NULL,NULL),
(7988,NULL,'Richard ','Bruce Wright','Richard Bruce Wright',NULL,NULL,NULL),
(7989,NULL,'Carlo ','D\'Este','Carlo D\'Este',NULL,NULL,NULL),
(7990,NULL,'Gina ','Bari Kolata','Gina Bari Kolata',NULL,NULL,NULL),
(7991,NULL,'E. ','J. W. Barber','E. J. W. Barber',NULL,NULL,NULL),
(7992,NULL,'Amy ','Tan','Amy Tan',NULL,NULL,NULL),
(7993,NULL,'Robert ','Cowley','Robert Cowley',NULL,NULL,NULL),
(7994,NULL,'Scott ','Turow','Scott Turow',NULL,NULL,NULL),
(7995,NULL,'David ','Cordingly','David Cordingly',NULL,NULL,NULL),
(7996,NULL,'Ann ','Beattie','Ann Beattie',NULL,NULL,NULL),
(7997,NULL,'David ','Adams Richards','David Adams Richards',NULL,NULL,NULL),
(7998,NULL,'Adam ','Lebor','Adam Lebor',NULL,NULL,NULL),
(7999,NULL,'Sheila ','Heti','Sheila Heti',NULL,NULL,NULL),
(8000,NULL,'R. ','J. Kaiser','R. J. Kaiser',NULL,NULL,NULL),
(8001,NULL,'Jack ','Canfield','Jack Canfield',NULL,NULL,NULL),
(8002,NULL,'Loren ','D. Estleman','Loren D. Estleman',NULL,NULL,NULL),
(8003,NULL,'Robert ','Hendrickson','Robert Hendrickson',NULL,NULL,NULL),
(8004,NULL,'Julia ','Oliver','Julia Oliver',NULL,NULL,NULL),
(8005,NULL,'John ','Grisham','John Grisham',NULL,NULL,NULL),
(8006,NULL,'Toni ','Morrison','Toni Morrison',NULL,NULL,NULL),
(8007,NULL,'The ','Onion','The Onion',NULL,NULL,NULL),
(8008,NULL,'Celia ','Brooks Brown','Celia Brooks Brown',NULL,NULL,NULL),
(8009,NULL,'J. ','R. Parrish','J. R. Parrish',NULL,NULL,NULL),
(8010,NULL,'Mary-Kate ','&amp; Ashley Olsen','Mary-Kate &amp; Ashley Olsen',NULL,NULL,NULL),
(8011,NULL,'Robynn ','Clairday','Robynn Clairday',NULL,NULL,NULL),
(8012,NULL,'Kathleen ','Duey','Kathleen Duey',NULL,NULL,NULL),
(8013,NULL,'Rich ','Shapero','Rich Shapero',NULL,NULL,NULL),
(8014,NULL,'Michael ','Crichton','Michael Crichton',NULL,NULL,NULL),
(8015,NULL,'C.S. ','Lewis','C.S. Lewis',NULL,NULL,NULL),
(8016,NULL,'ARTHUR ','PHILLIPS','ARTHUR PHILLIPS',NULL,NULL,NULL),
(8017,NULL,'Stephan ','Jaramillo','Stephan Jaramillo',NULL,NULL,NULL),
(8018,NULL,'Mordecai ','Richler','Mordecai Richler',NULL,NULL,NULL),
(8019,NULL,'Eleanor ','Cooney','Eleanor Cooney',NULL,NULL,NULL),
(8020,NULL,'Charlotte ','Link','Charlotte Link',NULL,NULL,NULL),
(8021,NULL,'Richard ','North Patterson','Richard North Patterson',NULL,NULL,NULL),
(8022,NULL,'Mark ','Salzman','Mark Salzman',NULL,NULL,NULL),
(8023,NULL,'Harper ','Lee','Harper Lee',NULL,NULL,NULL),
(8024,NULL,'LAURA ','HILLENBRAND','LAURA HILLENBRAND',NULL,NULL,NULL),
(8025,NULL,'Barbara ','Kingsolver','Barbara Kingsolver',NULL,NULL,NULL),
(8026,NULL,'Jo ','Dereske','Jo Dereske',NULL,NULL,NULL),
(8027,NULL,'Jane ','Austen','Jane Austen',NULL,NULL,NULL),
(8028,NULL,'Dolores ','Krieger','Dolores Krieger',NULL,NULL,NULL),
(8029,NULL,'Anne ','Rivers Siddons','Anne Rivers Siddons',NULL,NULL,NULL),
(8030,NULL,'Dean ','R. Koontz','Dean R. Koontz',NULL,NULL,NULL),
(8031,NULL,'Mary ','Higgins Clark','Mary Higgins Clark',NULL,NULL,NULL),
(8032,NULL,'Dean ','Koontz','Dean Koontz',NULL,NULL,NULL),
(8033,NULL,'Patricia ','Cornwell','Patricia Cornwell',NULL,NULL,NULL),
(8034,NULL,'J.D. ','Robb','J.D. Robb',NULL,NULL,NULL),
(8035,NULL,'Maeve ','Binchy','Maeve Binchy',NULL,NULL,NULL),
(8036,NULL,'Laura ','J. Mixon','Laura J. Mixon',NULL,NULL,NULL),
(8037,NULL,'Tim ','Lahaye','Tim Lahaye',NULL,NULL,NULL),
(8038,NULL,'M.D. ','Bernie S. Siegel','M.D. Bernie S. Siegel',NULL,NULL,NULL),
(8039,NULL,'Robert ','Penn Warren','Robert Penn Warren',NULL,NULL,NULL),
(8040,NULL,'Hans ','Johannes Hoefer','Hans Johannes Hoefer',NULL,NULL,NULL),
(8041,NULL,'Mark ','Helprin','Mark Helprin',NULL,NULL,NULL),
(8042,NULL,'O. ','Carol Simonton Md','O. Carol Simonton Md',NULL,NULL,NULL),
(8043,NULL,'Chuck ','Hill','Chuck Hill',NULL,NULL,NULL),
(8044,NULL,'David ','Iglehart','David Iglehart',NULL,NULL,NULL),
(8045,NULL,'Larry ','McMurtry','Larry McMurtry',NULL,NULL,NULL),
(8046,NULL,'SUZANNE ','FISHER STAPLES','SUZANNE FISHER STAPLES',NULL,NULL,NULL),
(8047,NULL,'Michel ','Tournier','Michel Tournier',NULL,NULL,NULL),
(8048,NULL,'Carl ','Sagan','Carl Sagan',NULL,NULL,NULL),
(8049,NULL,'Aleksandr ','Zinoviev','Aleksandr Zinoviev',NULL,NULL,NULL),
(8050,NULL,'Anne ','Tyler','Anne Tyler',NULL,NULL,NULL),
(8051,NULL,'Joseph ','Conrad','Joseph Conrad',NULL,NULL,NULL),
(8052,NULL,'Deepak ','Chopra','Deepak Chopra',NULL,NULL,NULL),
(8053,NULL,'Thomas ','Hardy','Thomas Hardy',NULL,NULL,NULL),
(8054,NULL,'Charles ','Noland','Charles Noland',NULL,NULL,NULL),
(8055,NULL,'Valerie ','Frankel','Valerie Frankel',NULL,NULL,NULL),
(8056,NULL,'Benjamin ','Hoff','Benjamin Hoff',NULL,NULL,NULL),
(8057,NULL,'Niccolo ','Machiavelli','Niccolo Machiavelli',NULL,NULL,NULL),
(8058,NULL,'H. ','Jackson Brown','H. Jackson Brown',NULL,NULL,NULL),
(8059,NULL,'Robert ','A. Heinlein','Robert A. Heinlein',NULL,NULL,NULL),
(8060,NULL,'PHILIP ','PULLMAN','PHILIP PULLMAN',NULL,NULL,NULL),
(8061,NULL,'Anna ','Sewell','Anna Sewell',NULL,NULL,NULL),
(8062,NULL,'MICHAEL ','ONDAATJE','MICHAEL ONDAATJE',NULL,NULL,NULL),
(8063,NULL,'Sandra ','Levy Ceren','Sandra Levy Ceren',NULL,NULL,NULL),
(8064,NULL,'P.J. ','O\'Rourke','P.J. O\'Rourke',NULL,NULL,NULL),
(8065,NULL,'Mike ','Gayle','Mike Gayle',NULL,NULL,NULL),
(8066,NULL,'Stel ','Pavlou','Stel Pavlou',NULL,NULL,NULL),
(8067,NULL,'Sarah ','Payne Stuart','Sarah Payne Stuart',NULL,NULL,NULL),
(8068,NULL,'Dan ','Quayle','Dan Quayle',NULL,NULL,NULL),
(8069,NULL,'Donald ','F. Kettl','Donald F. Kettl',NULL,NULL,NULL),
(8070,NULL,'DAVID ','FRUM','DAVID FRUM',NULL,NULL,NULL),
(8071,NULL,'Louis ','Lamour','Louis Lamour',NULL,NULL,NULL),
(8072,NULL,'J.D. ','Salinger','J.D. Salinger',NULL,NULL,NULL),
(8073,NULL,'J. ','R. R. Tolkien','J. R. R. Tolkien',NULL,NULL,NULL),
(8074,NULL,'John ','Berendt','John Berendt',NULL,NULL,NULL),
(8075,NULL,'Jennifer ','Crusie','Jennifer Crusie',NULL,NULL,NULL),
(8076,NULL,'Jane ','Heller','Jane Heller',NULL,NULL,NULL),
(8077,NULL,'Michael ','Rips','Michael Rips',NULL,NULL,NULL),
(8078,NULL,'Simon ','Mawer','Simon Mawer',NULL,NULL,NULL);

commit; 


--
-- Dumping data for table `tblusuarios`
--
  
INSERT INTO `tblusuarios` VALUES (204,'555690174619','Daniel G GoldFish','da.ggoldfis@gmail.es','5556901745','False Street 52 2 A San Francisco USA','1997-05-30 00:00:00','ESTUDIANTE','',NULL),
(205,'555741034619','Anne Wright','an.wright@gmail.es','5557410345','Wall-e Avenue Miami USA','1995-05-30 00:00:00','ESTUDIANTE','',NULL),
(206,'555232312822','Link Flaute','li.flaute@gmail.es','5552323129','Oaks Avenue 22 New York USA','1996-05-30 00:00:00','PERIODISTA','',NULL),
(207,'5559123321122','Akane Tendo','ak.tendo@gmail.es','55591233210','Null Street 69 Miami USA','1995-05-30 00:00:00','INGENIERO','',NULL),
(208,'349148513128','Antonio Lasas','an.lasas@gmail.es','34916540145','C/Leganes 15 Fuenlabrada Spain','1996-05-30 00:00:00','INGENIERO','Politecnica de Madrid',NULL),
(209,'91654987211','Jose Bermejo','jo.bermejo@gmail.es','654987321','C/pintor segundo Madrid Spain','1996-05-30 00:00:00','ESTUDIANTE','Politecnica de Madrid',NULL),
(210,'91953567811','Paco Lopez','pa.lopez@gmail.es','62456810','C/sinesio delgado Madrid Spain','1995-05-30 00:00:00','ESTUDIANTE','Politecnica de Madrid',NULL),
(211,'91642895611','Guillermo Rengifo','gu.rengifo@gmail.es','689234750','C/majadahonda Madrid Spain','2000-05-30 00:00:00','ESTUDIANTE','Politecnica de Madrid',NULL),
(212,'91642175611','David Serrano','da.serrano@gmail.es','675598001','C/azores Madrid Spain','2000-05-30 00:00:00','ESTUDIANTE','Politecnica de Madrid',NULL),
(213,'91668921511','Jose Tacano','jo.tacano@gmail.es','655983045','C/Laganas Madrid Spain','2000-05-30 00:00:00','ESTUDIANTE','Politecnica de Madrid',NULL),
(214,'349148513128','Antonio Lasas','an.lasas@gmail.es','34916540145','C/Leganes 15 Fuenlabrada Spain','2000-05-30 00:00:00','MAESTRO','UCM',NULL),
(215,'349148715418','Pedro Camunas','pe.camunas@gmail.es','34914873241','C/Virgenes 45 San Lorenzo del Escorial Spain','2000-05-30 00:00:00','MAESTRO','UCM',NULL),
(216,'349124847648','Juan Rodriguez','ju.rodriguez@gmail.es','34912453217','C/Nueva York 74 Madrid Spain','2000-05-30 00:00:00','MAESTRO','',NULL),
(217,'91453877630','Javier Villar','ja.villar@gmail.es','654865643','C/ Ona 34 Madrid Spain','2000-05-30 00:00:00','ESTUDIANTE','UCM',NULL),
(218,'9124586575','Maria Rodriguez','ma.rodriguez@gmail.es','666555444','C/Leganes24 Fuenlabrada Spain','2000-05-30 00:00:00','ESTUDIANTE','EAE',NULL),
(219,'91654873530','Victoria Cruz','vi.cruz@gmail.es','612343529','Plaza Magallon 15 Madrid Spain','2000-05-30 00:00:00','ESTUDIANTE','UCM',NULL),
(220,'91235447512','Luis Martinez','lu.martinez@gmail.es','916458762','C/Estancado Santa cruz de Tenerife Spain','2000-05-30 00:00:00','ESTUDIANTE','',NULL),
(221,'96449306312','Mario Suarez','ma.suarez@gmail.es','964493072','C/Letardo Barcelona Spain','1990-05-30 00:00:00','PERIODISTA','EAE',NULL),
(222,'91448989812','Cristian Rodrigez','cr.rodrigez@gmail.es','916485852','C/Roman 3 Canarias Spain','2000-05-30 00:00:00','ESTUDIANTE','UAM',NULL),
(223,'91649321112','Francisco Camacho','fr.camacho@gmail.es','916882323','Avenida Tibidabo Barcelona Spain','1999-05-30 00:00:00','ESTUDIANTE','Universitat de Barcelona',NULL),
(224,'91482564512','Maria Santillana','ma.santillan@gmail.es','915576622','C/Paseo del Parque Sotogrande Spain','1997-05-30 00:00:00','ESTUDIANTE','Universitat de Barcelona',NULL),
(225,'91604087530','Federico Gomez','fe.gomez@gmail.es','654987690','C/Miguel Echegaray 54 Humanes Spain','1996-05-30 00:00:00','ESTUDIANTE','UAM',NULL),
(226,'9154837545','Tony Munoz Mena','to.munozmen@gmail.es','675842139','C/Callo 52 Fuenlabrada Spain','1990-05-30 00:00:00','ESTUDIANTE','UAM',NULL),
(227,'9178974749','Matias San Martin','ma.sanmarti@gmail.es','916544147','C/Francisco Arce Bustarviejo Madrid','1964-05-30 00:00:00','ESTUDIANTE','EAE',NULL),
(228,'91654926430','Benito Lopez','be.lopez@gmail.es','675432926','C/Mar Caspio 43 Getafe Spain','1995-05-30 00:00:00','PERIODISTA','EUDE',NULL),
(229,'9743159245','Jose luis Sanchez','jo.luissanc@gmail.es','685746512','C/Ibiza 32 Humanes Spain','1997-05-30 00:00:00','ESTUDIANTE','Politecnica de Madrid',NULL),
(230,'9124758435','Sara Marquez','sa.marquez@gmail.es','675124537','C/Lima 1 Fuenlabrada Spain','1975-05-30 00:00:00','ESTUDIANTE','Politecnica de Madrid',NULL),
(231,'91615911630','Luis Jimenez','lu.jimenez@gmail.es','645925376','C/Peru 78 Fuenlabrada Spain','1987-05-30 00:00:00','PERIODISTA','Politecnica de Madrid',NULL),
(232,'(33)512057896116','Fracois Toulou','fr.toulou@gmail.es','(33)5120578961','6 place d Alleray 1 me Paris France','2000-05-30 00:00:00','ESTUDIANTE','Paris-Saclay',NULL),
(233,'(33)014020544216','Pierre Delacroux','pi.delacroux@gmail.es','(33)0140205050','Quai du Louvre Paris France','1959-05-30 00:00:00','ESTUDIANTE','Paris-Saclay',NULL),
(234,'2 9283-169531','Jacob Jones','ja.jones@gmail.es','2 9261-2433','level 24 NULL Nueva Gales del Sur','1987-05-30 00:00:00','PERIODISTA','UCM',NULL),
(235,'68524970018','Antonio Romero','an.romero@gmail.es','654352981','Avenida Espana Madrid Spain','1987-05-30 00:00:00','ESTUDIANTE','UCM',NULL),
(236,'936487588218','Richard Mcain','ri.mcain@gmail.es','926523468','Lihgting Park London United Kingdom','1992-05-30 00:00:00','PERIODISTA','',NULL),
(237,'2 8005-716231','Justin Smith','ju.smith@gmail.es','2 8005-7161','176 Cumberland Street The rocks Sydney Australia','1975-05-30 00:00:00','ESTUDIANTE','UCM',NULL);

commit; 

--
-- Dumping data for table `tblgeneros`
--
 
INSERT INTO `tblgeneros` VALUES (20000,'OTRO'),
(20010,'CIENCIA'),
(20011,'FILOSOFIA'),
(20012,'BIENESTAR'),
(20013,'HISTORIA'),
(20014,'OCIO'),
(20015,'BIOGRAFIA'),
(20016,'TERROR'),
(20017,'CIENCIA FICCION'),
(20018,'NUTRICION'),
(20019,'FANTASIA');

commit; 

--
-- Dumping data for table `tbleditoriales`
--


INSERT INTO `tbleditoriales` VALUES 
(100201,'Oxford University Press',NULL,NULL),
(100202,'HarperFlamingo Canada',NULL,NULL),
(100203,'HarperPerennial',NULL,NULL),
(100204,'Farrar Straus Giroux',NULL,NULL),
(100205,'W. W. Norton and Company',NULL,NULL),
(100206,'Putnam Pub Group',NULL,NULL),
(100207,'Berkley Publishing Group',NULL,NULL),
(100208,'Audioworks',NULL,NULL),
(100209,'Random House',NULL,NULL),
(100210,'Scribner',NULL,NULL),
(100211,'Emblem Editions',NULL,NULL),
(100212,'Citadel Press',NULL,NULL),
(100213,'House of Anansi Press',NULL,NULL),
(100214,'Mira Books',NULL,NULL),
(100215,'Health Communications',NULL,NULL),
(100216,'Brilliance Audio - Trade',NULL,NULL),
(100217,'Kensington Publishing Corp.',NULL,NULL),
(100218,'River City Pub',NULL,NULL),
(100219,'Dell',NULL,NULL),
(100220,'Plume',NULL,NULL),
(100221,'Three Rivers Press',NULL,NULL),
(100222,'Ryland Peters and Small Ltd',NULL,NULL),
(100223,'Cypress House',NULL,NULL),
(100224,'HarperEntertainment',NULL,NULL),
(100225,'Scholastic',NULL,NULL),
(100226,'Aladdin',NULL,NULL),
(100227,'Too Far',NULL,NULL),
(100228,'Ballantine Books',NULL,NULL),
(100229,'Random House Trade Paperbacks',NULL,NULL),
(100230,'Labbe',NULL,NULL),
(100231,'Goldmann',NULL,NULL),
(100232,'Alfred A. Knopf',NULL,NULL),
(100233,'Little Brown and Company',NULL,NULL),
(100234,'Harpercollins',NULL,NULL),
(100235,'Avon',NULL,NULL),
(100236,'Bantam',NULL,NULL),
(100237,'Fireside',NULL,NULL),
(100238,'HarperTorch',NULL,NULL),
(100239,'Bantam Books',NULL,NULL),
(100240,'Pocket',NULL,NULL),
(100241,'Tor Books',NULL,NULL),
(100242,'Tyndale House Publishers',NULL,NULL),
(100243,'HarperCollins Publishers',NULL,NULL),
(100244,'Harvest Books',NULL,NULL),
(100245,'Chambers Harrap Publishers Ltd',NULL,NULL),
(100246,'Avon Books',NULL,NULL),
(100247,'Speed Graphics',NULL,NULL),
(100248,'Sunflower Press',NULL,NULL),
(100249,'Laurel Leaf',NULL,NULL),
(100250,'Gallimard',NULL,NULL),
(100251,'Prentice Hall (K-12)',NULL,NULL),
(100252,'NTC/Contemporary Publishing Company',NULL,NULL),
(100253,'St. Martins Press',NULL,NULL),
(100254,'1stBooks Library',NULL,NULL),
(100255,'Avon Trade',NULL,NULL),
(100256,'Penguin Books',NULL,NULL),
(100257,'Signet Book',NULL,NULL),
(100258,'Thomas Nelson',NULL,NULL),
(100259,'Ace Books',NULL,NULL),
(100260,'Landoll',NULL,NULL),
(100261,'Knopf',NULL,NULL),
(100262,'Andrew Scott Publishers',NULL,NULL),
(100263,'Atlantic Monthly Press',NULL,NULL),
(100264,'Hodder and Stoughton General Division',NULL,NULL),
(100265,'Simon and Schuster (Trade Division)',NULL,NULL),
(100266,'Perennial',NULL,NULL),
(100267,'McGraw-Hill',NULL,NULL),
(100268,'Bantam Doubleday Dell',NULL,NULL),
(100269,'Little, Brown',NULL,NULL),
(100270,'Minotauro',NULL,NULL),
(100271,'Distribooks',NULL,NULL),
(100272,'Back Bay Books',NULL,NULL);

commit; 


--
-- Dumping data for table `tbllibros`
--

 
INSERT INTO `tbllibros` VALUES 
(3501,'Classical Mythology','195153448',NULL,NULL,NULL,'CIENCIA','INGLES','INGLES',NULL,'2002-01-01 00:00:00',100201,20011),
(3502,'Clara Callan','2005018',NULL,NULL,NULL,'LITERATURA','INGLES','INGLES',NULL,'2001-01-01 00:00:00',100202,20000),
(3503,'Decision in Normandy','60973129',NULL,NULL,NULL,'LITERATURA','INGLES','INGLES',NULL,'1991-01-01 00:00:00',100203,20000),
(3504,'Flu: The Story of the Great Influenza Pandemic of 1918 and the Search for the Virus That Caused It','374157065',NULL,NULL,NULL,'INVESTIGACION','INGLES','INGLES',NULL,'1999-01-01 00:00:00',100204,20010),
(3505,'The Mummies of Urumchi','393045218',NULL,NULL,NULL,'LITERATURA','INGLES','INGLES',NULL,'1999-01-01 00:00:00',100205,20000),
(3506,'The Kitchen God s Wife','399135782',NULL,NULL,NULL,'LITERATURA','INGLES','INGLES',NULL,'1991-01-01 00:00:00',100206,20000),
(3507,'What If?: The World s Foremost Military Historians Imagine What Might Have Been','425176428',NULL,NULL,NULL,'HISTORIA','INGLES','INGLES',NULL,'2000-01-01 00:00:00',100207,20000),
(3508,'PLEADING GUILTY','671870432',NULL,NULL,NULL,'LITERATURA','INGLES','INGLES',NULL,'1993-01-01 00:00:00',100208,20000),
(3509,'Under the Black Flag: The Romance and the Reality of Life Among the Pirates','679425608',NULL,NULL,NULL,'LITERATURA','INGLES','INGLES',NULL,'1996-01-01 00:00:00',100209,20000),
(3510,'Where You ll Find Me: And Other Stories','074322678X',NULL,NULL,NULL,'LITERATURA','INGLES','INGLES',NULL,'2002-01-01 00:00:00',100210,20000),
(3511,'Nights Below Station Street','771074670',NULL,NULL,NULL,'LITERATURA','INGLES','INGLES',NULL,'1988-01-01 00:00:00',100211,20000),
(3512,'Hitler s Secret Bankers: The Myth of Swiss Neutrality During the Holocaust','080652121X',NULL,NULL,NULL,'HISTORIA','INGLES','INGLES',NULL,'2000-01-01 00:00:00',100212,20000),
(3513,'The Middle Stories','887841740',NULL,NULL,NULL,'LITERATURA','INGLES','INGLES',NULL,'2004-01-01 00:00:00',100213,20000),
(3514,'Jane Doe','1552041778',NULL,NULL,NULL,'LITERATURA','INGLES','INGLES',NULL,'1999-01-01 00:00:00',100214,20000),
(3515,'A Second Chicken Soup for the Woman s Soul (Chicken Soup for the Soul Series)','1558746218',NULL,NULL,NULL,'LITERATURA','INGLES','INGLES',NULL,'1998-01-01 00:00:00',100215,20000),
(3516,'The Witchfinder (Amos Walker Mystery Series)','1567407781',NULL,NULL,NULL,'LITERATURA','INGLES','INGLES',NULL,'1998-01-01 00:00:00',100216,20000),
(3517,'More Cunning Than Man: A Social History of Rats and Man','1575663937',NULL,NULL,NULL,'LITERATURA','INGLES','INGLES',NULL,'1999-01-01 00:00:00',100217,20000),
(3518,'Goodbye to the Buttermilk Sky','1881320189',NULL,NULL,NULL,'LITERATURA','INGLES','INGLES',NULL,'1994-01-01 00:00:00',100218,20000),
(3519,'The Testament','440234743',NULL,NULL,NULL,'LITERATURA','INGLES','INGLES',NULL,'1999-01-01 00:00:00',100219,20000),
(3520,'Beloved (Plume Contemporary Fiction)','452264464',NULL,NULL,NULL,'LITERATURA','INGLES','INGLES',NULL,'1994-01-01 00:00:00',100220,20000),
(3521,'Our Dumb Century: The Onion Presents 100 Years of Headlines from Americas Finest News Source','609804618',NULL,NULL,NULL,'LITERATURA','INGLES','INGLES',NULL,'1999-01-01 00:00:00',100221,20000),
(3522,'New Vegetarian: Bold and Beautiful Recipes for Every Occasion','1841721522',NULL,NULL,NULL,'CIENCIA','INGLES','INGLES',NULL,'2001-01-01 00:00:00',100222,20018),
(3523,'If I d Known Then What I Know Now: Why Not Learn from the Mistakes of Others? : You Can t Afford to Make Them All Yourself','1879384493',NULL,NULL,NULL,'LITERATURA','INGLES','INGLES',NULL,'2003-01-01 00:00:00',100223,20000),
(3524,'Mary-Kate &amp; Ashley Switching Goals (Mary-Kate and Ashley Starring in)','61076031',NULL,NULL,NULL,'LITERATURA','INGLES','INGLES',NULL,'2000-01-01 00:00:00',100224,20000),
(3525,'Tell Me This Isn t Happening','439095026',NULL,NULL,NULL,'LITERATURA','INGLES','INGLES',NULL,'1999-01-01 00:00:00',100225,20000),
(3526,'Flood : Mississippi 1927','689821166',NULL,NULL,NULL,'LITERATURA','INGLES','INGLES',NULL,'1998-01-01 00:00:00',100226,20000),
(3527,'Wild Animus','971880107',NULL,NULL,NULL,'LITERATURA','INGLES','INGLES',NULL,'2004-01-01 00:00:00',100227,20000),
(3528,'Airframe','345402871',NULL,NULL,NULL,'LITERATURA','INGLES','INGLES',NULL,'1997-01-01 00:00:00',100228,20000),
(3529,'Timeline','345417623',NULL,NULL,NULL,'LITERATURA','INGLES','INGLES',NULL,'2000-01-01 00:00:00',100228,20000),
(3530,'OUT OF THE SILENT PLANET','684823802',NULL,NULL,NULL,'LITERATURA','INGLES','INGLES',NULL,'1996-01-01 00:00:00',100210,20000),
(3531,'Prague : A Novel','375759778',NULL,NULL,NULL,'LITERATURA','INGLES','INGLES',NULL,'2003-01-01 00:00:00',100229,20000),
(3532,'Chocolate Jesus','425163091',NULL,NULL,NULL,'LITERATURA','INGLES','INGLES',NULL,'1998-01-01 00:00:00',100207,20000),
(3533,'Wie Barney es sieht.','3404921038',NULL,NULL,NULL,'LITERATURA','ALEMAN','ALEMAN',NULL,'2002-01-01 00:00:00',100230,20000),
(3534,'Der Fluch der Kaiserin. Ein Richter- Di- Roman.','3442353866',NULL,NULL,NULL,'HISTORIA','ALEMAN','ALEMAN',NULL,'2001-01-01 00:00:00',100231,20013),
(3535,'Sturmzeit. Roman.','3442410665',NULL,NULL,NULL,'HISTORIA','ALEMAN','ALEMAN',NULL,'1991-01-01 00:00:00',100231,20013),
(3536,'Tage der Unschuld.','3442446937',NULL,NULL,NULL,'HISTORIA','ALEMAN','ALEMAN',NULL,'2000-01-01 00:00:00',100231,20013),
(3537,'Lying Awake','375406328',NULL,NULL,NULL,'LITERATURA','INGLES','INGLES',NULL,'2000-01-01 00:00:00',100232,20000),
(3538,'To Kill a Mockingbird','446310786',NULL,NULL,NULL,'LITERATURA','INGLES','INGLES',NULL,'1988-01-01 00:00:00',100233,20000),
(3539,'Seabiscuit: An American Legend','449005615',NULL,NULL,NULL,'LITERATURA','INGLES','INGLES',NULL,'2002-01-01 00:00:00',100228,20000),
(3540,'Pigs in Heaven','60168013',NULL,NULL,NULL,'LITERATURA','INGLES','INGLES',NULL,'1993-01-01 00:00:00',100234,20000),
(3541,'Miss Zukas and the Ravens Dance','038078243X',NULL,NULL,NULL,'LITERATURA','INGLES','INGLES',NULL,'1996-01-01 00:00:00',100235,20000),
(3542,'Pride and Prejudice','055321215X',NULL,NULL,NULL,'LITERATURA','INGLES','INGLES',NULL,'1983-01-01 00:00:00',100236,20000),
(3543,'The Therapeutic Touch: How to Use Your Hands to Help or to Heal','067176537X',NULL,NULL,NULL,'LITERATURA','INGLES','INGLES',NULL,'1979-01-01 00:00:00',100237,20000),
(3544,'Downtown','61099686',NULL,NULL,NULL,'LITERATURA','INGLES','INGLES',NULL,'1995-01-01 00:00:00',100238,20000),
(3545,'Icebound','553582909',NULL,NULL,NULL,'LITERATURA','INGLES','INGLES',NULL,'2000-01-01 00:00:00',100239,20000),
(3546,'I ll Be Seeing You','671888587',NULL,NULL,NULL,'LITERATURA','INGLES','INGLES',NULL,'1994-01-01 00:00:00',100240,20000),
(3547,'From the Corner of His Eye','553582747',NULL,NULL,NULL,'LITERATURA','INGLES','INGLES',NULL,'2001-01-01 00:00:00',100239,20000),
(3548,'Isle of Dogs','425182908',NULL,NULL,NULL,'LITERATURA','INGLES','INGLES',NULL,'2002-01-01 00:00:00',100207,20000),
(3549,'Purity in Death','042518630X',NULL,NULL,NULL,'LITERATURA','INGLES','INGLES',NULL,'2002-01-01 00:00:00',100207,20000),
(3550,'This Year It Will Be Different: And Other Stories','440223571',NULL,NULL,NULL,'LITERATURA','INGLES','INGLES',NULL,'1997-01-01 00:00:00',100219,20000),
(3551,'Proxies','812523873',NULL,NULL,NULL,'LITERATURA','INGLES','INGLES',NULL,'1999-01-01 00:00:00',100241,20000),
(3552,'Left Behind: A Novel of the Earth s Last Days (Left Behind #1)','842342702',NULL,NULL,NULL,'LITERATURA','INGLES','INGLES',NULL,'2000-01-01 00:00:00',100242,20000),
(3553,'The Street Lawyer','440225701',NULL,NULL,NULL,'LITERATURA','INGLES','INGLES',NULL,'1999-01-01 00:00:00',100219,20000),
(3554,'Love, Medicine and Miracles','60914068',NULL,NULL,NULL,'LITERATURA','INGLES','INGLES',NULL,'1988-01-01 00:00:00',100243,20000),
(3555,'All the Kings Men','156047624',NULL,NULL,NULL,'LITERATURA','INGLES','INGLES',NULL,'1982-01-01 00:00:00',100244,20000),
(3556,'Pacific Northwest','245542957',NULL,NULL,NULL,'LITERATURA','INGLES','INGLES',NULL,'1985-01-01 00:00:00',100245,20000),
(3557,'A Soldier of the Great War','380715899',NULL,NULL,NULL,'LITERATURA','INGLES','INGLES',NULL,'1992-01-01 00:00:00',100246,20000),
(3558,'Getting Well Again','553280333',NULL,NULL,NULL,'LITERATURA','INGLES','INGLES',NULL,'1992-01-01 00:00:00',100236,20000),
(3559,'Northwest Wines and Wineries','961769947',NULL,NULL,NULL,'LITERATURA','INGLES','INGLES',NULL,'1993-01-01 00:00:00',100247,20000),
(3560,'An Atmosphere of Eternity: Stories of India','964778319',NULL,NULL,NULL,'LITERATURA','INGLES','INGLES',NULL,'2002-01-01 00:00:00',100248,20000),
(3561,'LONESOME DOVE','671623249',NULL,NULL,NULL,'LITERATURA','INGLES','INGLES',NULL,'1986-01-01 00:00:00',100240,20000),
(3562,'Shabanu: Daughter of the Wind (Border Trilogy)','679810307',NULL,NULL,NULL,'LITERATURA','INGLES','INGLES',NULL,'1991-01-01 00:00:00',100249,20000),
(3563,'Haveli (Laurel Leaf Books)','679865691',NULL,NULL,NULL,'LITERATURA','INGLES','INGLES',NULL,'1995-01-01 00:00:00',100249,20000),
(3564,'Lieux dits','2070423204',NULL,NULL,NULL,'LITERATURA','INGLES','INGLES',NULL,'2002-01-01 00:00:00',100250,20000),
(3565,'The Dragons of Eden: Speculations on the Evolution of Human Intelligence','345260317',NULL,NULL,NULL,'LITERATURA','INGLES','INGLES',NULL,'1978-01-01 00:00:00',100228,20000),
(3566,'The yawning heights','394743741',NULL,NULL,NULL,'LITERATURA','INGLES','INGLES',NULL,'1980-01-01 00:00:00',100209,20000),
(3567,'Breathing Lessons','042511774X',NULL,NULL,NULL,'LITERATURA','INGLES','INGLES',NULL,'1994-01-01 00:00:00',100207,20000),
(3568,'The Joy Luck Club','804106304',NULL,NULL,NULL,'LITERATURA','INGLES','INGLES',NULL,'1994-01-01 00:00:00',100251,20000),
(3569,'Heart of Darkness (Wordsworth Collection)','1853262404',NULL,NULL,NULL,'LITERATURA','INGLES','INGLES',NULL,'1998-01-01 00:00:00',100252,20000),
(3570,'The Angel Is Near','312970242',NULL,NULL,NULL,'LITERATURA','INGLES','INGLES',NULL,'2000-01-01 00:00:00',100253,20000),
(3571,'Tess of the D Urbervilles (Wordsworth Classics)','1853260053',NULL,NULL,NULL,'LITERATURA','INGLES','INGLES',NULL,'1997-01-01 00:00:00',100252,20000),
(3572,'The Adventures of Drew and Ellie: The Magical Dress','1414035004',NULL,NULL,NULL,'LITERATURA','INGLES','INGLES',NULL,'2003-01-01 00:00:00',100254,20000),
(3573,'The Accidental Virgin','60938412',NULL,NULL,NULL,'LITERATURA','INGLES','INGLES',NULL,'2003-01-01 00:00:00',100255,20000),
(3574,'The Tao of Pooh','140067477',NULL,NULL,NULL,'LITERATURA','INGLES','INGLES',NULL,'1983-01-01 00:00:00',100256,20000),
(3575,'Seabiscuit','345465083',NULL,NULL,NULL,'LITERATURA','INGLES','INGLES',NULL,'2003-01-01 00:00:00',100228,20000),
(3576,'The Prince','451625889',NULL,NULL,NULL,'LITERATURA','INGLES','INGLES',NULL,'1952-01-01 00:00:00',100257,20000),
(3577,'Life s Little Instruction Book (Life s Little Instruction Books (Paperback))','1558531025',NULL,NULL,NULL,'LITERATURA','INGLES','INGLES',NULL,'1991-01-01 00:00:00',100258,20000),
(3578,'Starship Troopers','441783589',NULL,NULL,NULL,'LITERATURA','INGLES','INGLES',NULL,'1987-01-01 00:00:00',100259,20000),
(3579,'The Ruby in the Smoke (Sally Lockhart Trilogy, Book 1)','394895894',NULL,NULL,NULL,'LITERATURA','INGLES','INGLES',NULL,'1988-01-01 00:00:00',100249,20000),
(3580,'Black Beauty (Illustrated Classics)','1569871213',NULL,NULL,NULL,'LITERATURA','INGLES','INGLES',NULL,'1995-01-01 00:00:00',100260,20000),
(3581,'Anil s Ghost','375410538',NULL,NULL,NULL,'LITERATURA','INGLES','INGLES',NULL,'2000-01-01 00:00:00',100261,20000),
(3582,'Prescription for Terror','966986105',NULL,NULL,NULL,'LITERATURA','INGLES','INGLES',NULL,'1999-01-01 00:00:00',100262,20000),
(3583,'Modern Manners: An Etiquette Book for Rude People','087113375X',NULL,NULL,NULL,'LITERATURA','INGLES','INGLES',NULL,'1990-01-01 00:00:00',100263,20000),
(3584,'Turning Thirty','340767936',NULL,NULL,NULL,'LITERATURA','INGLES','INGLES',NULL,'2000-01-01 00:00:00',100264,20014),
(3585,'Decipher','743403843',NULL,NULL,NULL,'LITERATURA','INGLES','INGLES',NULL,'2002-01-01 00:00:00',100265,20000),
(3586,'My First Cousin Once Removed: Money, Madness, and the Family of Robert Lowell','60930365',NULL,NULL,NULL,'LITERATURA','INGLES','INGLES',NULL,'1999-01-01 00:00:00',100266,20000),
(3587,'Standing Firm: A Vice-Presidential Memoir','60177586',NULL,NULL,NULL,'LITERATURA','INGLES','INGLES',NULL,'1994-01-01 00:00:00',100234,20015),
(3588,'Team Bush : Leadership Lessons from the Bush White House','71416331',NULL,NULL,NULL,'LITERATURA','INGLES','INGLES',NULL,'2003-01-01 00:00:00',100267,20015),
(3589,'The Right Man : The Surprise Presidency of George W. Bush','375509038',NULL,NULL,NULL,'LITERATURA','INGLES','INGLES',NULL,'2003-01-01 00:00:00',100209,20015),
(3590,'Daybreakers Louis Lamour Collection','553062042',NULL,NULL,NULL,'LITERATURA','INGLES','INGLES',NULL,'1981-01-01 00:00:00',100268,20000),
(3591,'The Catcher in the Rye','316769487',NULL,NULL,NULL,'LITERATURA','INGLES','INGLES',NULL,'1991-01-01 00:00:00',100269,20000),
(3592,'El Senor De Los Anillos: LA Comunidad Del Anillo (Lord of the Rings (Spanish))','8445071408',NULL,NULL,NULL,'LITERATURA','INGLES','ESPANOL',NULL,'2001-01-01 00:00:00',100270,20019),
(3593,'El Senor De Los Anillos: Las DOS Torres (Lord of the Rings (Paperback))','8445071769',NULL,NULL,NULL,'LITERATURA','INGLES','ESPANOL',NULL,'2001-01-01 00:00:00',100270,20019),
(3594,'El Senor De Los Anillos: El Retorno Del Rey (Tolkien, J. R. R. Lord of the Rings. 3.)','8445071777',NULL,NULL,NULL,'LITERATURA','INGLES','ESPANOL',NULL,'2001-01-01 00:00:00',100271,20019),
(3595,'Midnight in the Garden of Good and Evil: A Savannah Story','679429220',NULL,NULL,NULL,'LITERATURA','INGLES','INGLES',NULL,'1994-01-01 00:00:00',100209,20000),
(3596,'Pretend You Don t See Her','671867156',NULL,NULL,NULL,'LITERATURA','INGLES','INGLES',NULL,'1998-01-01 00:00:00',100240,20000),
(3597,'Fast Women','312252617',NULL,NULL,NULL,'LITERATURA','INGLES','INGLES',NULL,'2001-01-01 00:00:00',100253,20000),
(3598,'Female Intelligence','312261594',NULL,NULL,NULL,'LITERATURA','INGLES','INGLES',NULL,'2001-01-01 00:00:00',100253,20000),
(3599,'Pasquale s Nose: Idle Days in an Italian Town','316748641',NULL,NULL,NULL,'LITERATURA','INGLES','INGLES',NULL,'2002-01-01 00:00:00',100272,20000),
(3600,'The Gospel of Judas: A Novel','316973742',NULL,NULL,NULL,'LITERATURA','INGLES','INGLES',NULL,'2002-01-01 00:00:00',100272,20000);
 
commit; 


--
-- Dumping data for table `tblautoresxlibro`
--
 
INSERT INTO `tblautoresxlibro` VALUES (7987,3501),
(7988,3502),
(7989,3503),
(7990,3504),
(7991,3505),
(7992,3506),
(7993,3507),
(7994,3508),
(7995,3509),
(7996,3510),
(7997,3511),
(7998,3512),
(7999,3513),
(8000,3514),
(8001,3515),
(8002,3516),
(8003,3517),
(8004,3518),
(8005,3519),
(8006,3520),
(8007,3521),
(8008,3522),
(8009,3523),
(8010,3524),
(8011,3525),
(8012,3526),
(8013,3527),
(8014,3528),
(8014,3529),
(8015,3530),
(8016,3531),
(8017,3532),
(8018,3533),
(8019,3534),
(8020,3535),
(8021,3536),
(8022,3537),
(8023,3538),
(8024,3539),
(8025,3540),
(8026,3541),
(8027,3542),
(8028,3543),
(8029,3544),
(8030,3545),
(8031,3546),
(8032,3547),
(8033,3548),
(8034,3549),
(8035,3550),
(8036,3551),
(8037,3552),
(8005,3553),
(8038,3554),
(8039,3555),
(8040,3556),
(8041,3557),
(8042,3558),
(8043,3559),
(8044,3560),
(8045,3561),
(8046,3562),
(8046,3563),
(8047,3564),
(8048,3565),
(8049,3566),
(8050,3567),
(7992,3568),
(8051,3569),
(8052,3570),
(8053,3571),
(8054,3572),
(8055,3573),
(8056,3574),
(8024,3575),
(8057,3576),
(8058,3577),
(8059,3578),
(8060,3579),
(8061,3580),
(8062,3581),
(8063,3582),
(8064,3583),
(8065,3584),
(8066,3585),
(8067,3586),
(8068,3587),
(8069,3588),
(8070,3589),
(8071,3590),
(8072,3591),
(8073,3592),
(8073,3593),
(8073,3594),
(8074,3595),
(8031,3596),
(8075,3597),
(8076,3598),
(8077,3599),
(8078,3600);
 
commit; 

--
-- Dumping data for table `tblcontroluso`
--

INSERT INTO `tblcontroluso` VALUES 
(1,207,3564,'2023-02-28 00:00:00','2023-03-03 00:00:00',2,'2023-03-02 00:00:00',NULL,NULL,NULL),
(2,207,3531,'2022-12-11 00:00:00','2022-12-17 00:00:00',6,'2022-12-17 00:00:00',NULL,NULL,NULL),
(3,213,3538,'2022-11-11 00:00:00','2022-11-13 00:00:00',1,'2022-11-12 00:00:00',NULL,NULL,NULL),
(4,210,3573,'2023-04-03 00:00:00','2023-04-08 00:00:00',5,'2023-04-08 00:00:00',NULL,NULL,NULL),
(5,212,3526,'2023-03-18 00:00:00','2023-03-20 00:00:00',1,'2023-03-19 00:00:00',NULL,NULL,NULL),
(6,205,3561,'2022-12-26 00:00:00','2023-01-01 00:00:00',5,'2022-12-31 00:00:00',NULL,NULL,NULL),
(7,209,3548,'2023-03-02 00:00:00','2023-03-04 00:00:00',2,'2023-03-04 00:00:00',NULL,NULL,NULL),
(8,207,3562,'2023-03-12 00:00:00','2023-03-18 00:00:00',5,'2023-03-17 00:00:00',NULL,NULL,NULL),
(9,204,3515,'2023-06-06 00:00:00','2023-06-10 00:00:00',4,'2023-06-10 00:00:00',NULL,NULL,NULL),
(10,209,3525,'2022-11-27 00:00:00','2022-11-28 00:00:00',1,'2022-11-28 00:00:00',NULL,NULL,NULL),
(11,212,3543,'2023-02-08 00:00:00','2023-02-14 00:00:00',5,'2023-02-13 00:00:00',NULL,NULL,NULL),
(12,205,3508,'2023-06-14 00:00:00','2023-06-16 00:00:00',2,'2023-06-16 00:00:00',NULL,NULL,NULL),
(13,205,3515,'2023-05-23 00:00:00','2023-05-28 00:00:00',4,'2023-05-27 00:00:00',NULL,NULL,NULL),
(14,209,3522,'2023-04-10 00:00:00','2023-04-17 00:00:00',7,'2023-04-17 00:00:00',NULL,NULL,NULL),
(15,210,3553,'2022-12-02 00:00:00','2022-12-06 00:00:00',3,'2022-12-05 00:00:00',NULL,NULL,NULL),
(16,207,3502,'2023-06-12 00:00:00','2023-06-17 00:00:00',4,'2023-06-16 00:00:00',NULL,NULL,NULL),
(17,211,3567,'2022-11-25 00:00:00','2022-11-28 00:00:00',2,'2022-11-27 00:00:00',NULL,NULL,NULL),
(18,205,3508,'2022-11-15 00:00:00','2022-11-19 00:00:00',3,'2022-11-18 00:00:00',NULL,NULL,NULL),
(19,204,3563,'2023-03-07 00:00:00','2023-03-12 00:00:00',5,'2023-03-12 00:00:00',NULL,NULL,NULL),
(20,204,3564,'2023-01-30 00:00:00','2023-02-03 00:00:00',3,'2023-02-02 00:00:00',NULL,NULL,NULL),
(21,204,3551,'2023-03-15 00:00:00','2023-03-20 00:00:00',4,'2023-03-19 00:00:00',NULL,NULL,NULL),
(22,206,3536,'2023-01-02 00:00:00','2023-01-06 00:00:00',3,'2023-01-05 00:00:00',NULL,NULL,NULL),
(23,208,3508,'2022-12-17 00:00:00','2022-12-22 00:00:00',5,'2022-12-22 00:00:00',NULL,NULL,NULL),
(24,213,3539,'2023-03-11 00:00:00','2023-03-18 00:00:00',7,'2023-03-18 00:00:00',NULL,NULL,NULL),
(25,210,3510,'2023-03-16 00:00:00','2023-03-19 00:00:00',3,'2023-03-19 00:00:00',NULL,NULL,NULL),
(26,208,3567,'2023-05-28 00:00:00','2023-06-04 00:00:00',6,'2023-06-03 00:00:00',NULL,NULL,NULL),
(27,204,3571,'2022-12-25 00:00:00','2022-12-29 00:00:00',3,'2022-12-28 00:00:00',NULL,NULL,NULL),
(28,207,3513,'2023-06-11 00:00:00','2023-06-17 00:00:00',5,'2023-06-16 00:00:00',NULL,NULL,NULL),
(29,209,3552,'2023-01-01 00:00:00','2023-01-08 00:00:00',6,'2023-01-07 00:00:00',NULL,NULL,NULL),
(30,209,3565,'2023-06-14 00:00:00','2023-06-20 00:00:00',6,'2023-06-20 00:00:00',NULL,NULL,NULL),
(31,209,3533,'2022-12-31 00:00:00','2023-01-04 00:00:00',3,'2023-01-03 00:00:00',NULL,NULL,NULL),
(32,207,3532,'2023-04-26 00:00:00','2023-05-01 00:00:00',4,'2023-04-30 00:00:00',NULL,NULL,NULL),
(33,204,3526,'2023-03-13 00:00:00','2023-03-20 00:00:00',6,'2023-03-19 00:00:00',NULL,NULL,NULL),
(34,207,3554,'2023-06-23 00:00:00','2023-06-28 00:00:00',4,'2023-06-27 00:00:00',NULL,NULL,NULL),
(35,209,3555,'2023-02-03 00:00:00','2023-02-07 00:00:00',3,'2023-02-06 00:00:00',NULL,NULL,NULL),
(36,213,3554,'2022-11-02 00:00:00','2022-11-09 00:00:00',6,'2022-11-08 00:00:00',NULL,NULL,NULL),
(37,210,3505,'2023-06-21 00:00:00','2023-06-27 00:00:00',6,'2023-06-27 00:00:00',NULL,NULL,NULL),
(38,207,3550,'2023-06-22 00:00:00','2023-06-27 00:00:00',5,'2023-06-27 00:00:00',NULL,NULL,NULL),
(39,206,3521,'2023-04-07 00:00:00','2023-04-13 00:00:00',5,'2023-04-12 00:00:00',NULL,NULL,NULL),
(40,209,3527,'2023-05-20 00:00:00','2023-05-27 00:00:00',6,'2023-05-26 00:00:00',NULL,NULL,NULL),
(41,212,3529,'2023-05-25 00:00:00','2023-06-01 00:00:00',6,'2023-05-31 00:00:00',NULL,NULL,NULL),
(42,206,3507,'2023-04-20 00:00:00','2023-04-26 00:00:00',5,'2023-04-25 00:00:00',NULL,NULL,NULL),
(43,210,3521,'2023-05-16 00:00:00','2023-05-18 00:00:00',2,'2023-05-18 00:00:00',NULL,NULL,NULL),
(44,206,3539,'2022-11-22 00:00:00','2022-11-25 00:00:00',2,'2022-11-24 00:00:00',NULL,NULL,NULL),
(45,211,3541,'2023-05-13 00:00:00','2023-05-18 00:00:00',4,'2023-05-17 00:00:00',NULL,NULL,NULL),
(46,206,3561,'2022-12-22 00:00:00','2022-12-27 00:00:00',4,'2022-12-26 00:00:00',NULL,NULL,NULL),
(47,206,3563,'2022-12-14 00:00:00','2022-12-20 00:00:00',5,'2022-12-19 00:00:00',NULL,NULL,NULL),
(48,208,3556,'2023-05-01 00:00:00','2023-05-03 00:00:00',1,'2023-05-02 00:00:00',NULL,NULL,NULL),
(49,207,3560,'2023-03-10 00:00:00','2023-03-12 00:00:00',2,'2023-03-12 00:00:00',NULL,NULL,NULL),
(50,211,3547,'2023-03-26 00:00:00','2023-03-30 00:00:00',4,'2023-03-30 00:00:00',NULL,NULL,NULL),
(51,210,3551,'2023-04-07 00:00:00','2023-04-10 00:00:00',2,'2023-04-09 00:00:00',NULL,NULL,NULL),
(52,206,3531,'2022-11-02 00:00:00','2022-11-06 00:00:00',3,'2022-11-05 00:00:00',NULL,NULL,NULL),
(53,205,3563,'2023-04-17 00:00:00','2023-04-24 00:00:00',6,'2023-04-23 00:00:00',NULL,NULL,NULL),
(54,209,3535,'2022-10-27 00:00:00','2022-11-01 00:00:00',5,'2022-11-01 00:00:00',NULL,NULL,NULL),
(55,208,3520,'2023-05-31 00:00:00','2023-06-06 00:00:00',5,'2023-06-05 00:00:00',NULL,NULL,NULL),
(56,211,3570,'2023-03-07 00:00:00','2023-03-09 00:00:00',1,'2023-03-08 00:00:00',NULL,NULL,NULL),
(57,208,3545,'2022-12-31 00:00:00','2023-01-05 00:00:00',4,'2023-01-04 00:00:00',NULL,NULL,NULL),
(58,209,3511,'2023-01-24 00:00:00','2023-01-28 00:00:00',4,'2023-01-28 00:00:00',NULL,NULL,NULL),
(59,212,3516,'2023-02-22 00:00:00','2023-02-25 00:00:00',2,'2023-02-24 00:00:00',NULL,NULL,NULL),
(60,206,3553,'2023-06-13 00:00:00','2023-06-21 00:00:00',7,'2023-06-20 00:00:00',NULL,NULL,NULL),
(61,211,3549,'2022-12-27 00:00:00','2023-01-02 00:00:00',5,'2023-01-01 00:00:00',NULL,NULL,NULL),
(62,204,3524,'2023-02-19 00:00:00','2023-02-23 00:00:00',3,'2023-02-22 00:00:00',NULL,NULL,NULL),
(63,207,3506,'2023-04-12 00:00:00','2023-04-17 00:00:00',4,'2023-04-16 00:00:00',NULL,NULL,NULL),
(64,205,3550,'2023-04-16 00:00:00','2023-04-19 00:00:00',2,'2023-04-18 00:00:00',NULL,NULL,NULL),
(65,212,3521,'2022-11-15 00:00:00','2022-11-18 00:00:00',2,'2022-11-17 00:00:00',NULL,NULL,NULL),
(66,211,3526,'2023-01-20 00:00:00','2023-01-22 00:00:00',1,'2023-01-21 00:00:00',NULL,NULL,NULL),
(67,205,3509,'2023-06-09 00:00:00','2023-06-14 00:00:00',4,'2023-06-13 00:00:00',NULL,NULL,NULL),
(68,212,3510,'2022-12-09 00:00:00','2022-12-16 00:00:00',6,'2022-12-15 00:00:00',NULL,NULL,NULL),
(69,213,3528,'2022-12-19 00:00:00','2022-12-23 00:00:00',3,'2022-12-22 00:00:00',NULL,NULL,NULL),
(70,207,3546,'2023-03-22 00:00:00','2023-03-29 00:00:00',7,'2023-03-29 00:00:00',NULL,NULL,NULL),
(71,212,3554,'2023-01-04 00:00:00','2023-01-09 00:00:00',5,'2023-01-09 00:00:00',NULL,NULL,NULL),
(72,204,3517,'2022-11-22 00:00:00','2022-11-28 00:00:00',5,'2022-11-27 00:00:00',NULL,NULL,NULL),
(73,212,3554,'2023-03-11 00:00:00','2023-03-15 00:00:00',3,'2023-03-14 00:00:00',NULL,NULL,NULL),
(74,204,3504,'2023-02-23 00:00:00','2023-02-28 00:00:00',4,'2023-02-27 00:00:00',NULL,NULL,NULL),
(75,204,3519,'2023-01-01 00:00:00','2023-01-05 00:00:00',3,'2023-01-04 00:00:00',NULL,NULL,NULL),
(76,210,3540,'2023-05-19 00:00:00','2023-05-22 00:00:00',2,'2023-05-21 00:00:00',NULL,NULL,NULL),
(77,208,3502,'2022-12-22 00:00:00','2022-12-28 00:00:00',5,'2022-12-27 00:00:00',NULL,NULL,NULL),
(78,208,3544,'2023-06-27 00:00:00','2023-06-29 00:00:00',2,'2023-06-29 00:00:00',NULL,NULL,NULL),
(79,207,3515,'2023-03-22 00:00:00','2023-03-28 00:00:00',5,'2023-03-27 00:00:00',NULL,NULL,NULL),
(80,211,3527,'2023-02-11 00:00:00','2023-02-16 00:00:00',4,'2023-02-15 00:00:00',NULL,NULL,NULL),
(81,208,3523,'2023-06-21 00:00:00','2023-06-25 00:00:00',4,'2023-06-25 00:00:00',NULL,NULL,NULL),
(82,204,3546,'2023-01-16 00:00:00','2023-01-22 00:00:00',5,'2023-01-21 00:00:00',NULL,NULL,NULL),
(83,211,3569,'2023-04-11 00:00:00','2023-04-17 00:00:00',5,'2023-04-16 00:00:00',NULL,NULL,NULL),
(84,207,3526,'2023-05-15 00:00:00','2023-05-18 00:00:00',2,'2023-05-17 00:00:00',NULL,NULL,NULL),
(85,208,3523,'2023-01-25 00:00:00','2023-01-26 00:00:00',1,'2023-01-26 00:00:00',NULL,NULL,NULL),
(86,204,3547,'2023-04-20 00:00:00','2023-04-24 00:00:00',3,'2023-04-23 00:00:00',NULL,NULL,NULL),
(87,211,3521,'2022-12-06 00:00:00','2022-12-08 00:00:00',2,'2022-12-08 00:00:00',NULL,NULL,NULL),
(88,212,3561,'2023-05-17 00:00:00','2023-05-22 00:00:00',4,'2023-05-21 00:00:00',NULL,NULL,NULL),
(89,206,3512,'2022-11-09 00:00:00','2022-11-12 00:00:00',2,'2022-11-11 00:00:00',NULL,NULL,NULL),
(90,211,3547,'2023-05-14 00:00:00','2023-05-17 00:00:00',3,'2023-05-17 00:00:00',NULL,NULL,NULL),
(91,210,3553,'2023-05-15 00:00:00','2023-05-22 00:00:00',6,'2023-05-21 00:00:00',NULL,NULL,NULL),
(92,207,3568,'2022-11-22 00:00:00','2022-11-28 00:00:00',5,'2022-11-27 00:00:00',NULL,NULL,NULL),
(93,206,3573,'2023-06-03 00:00:00','2023-06-07 00:00:00',3,'2023-06-06 00:00:00',NULL,NULL,NULL),
(94,212,3535,'2023-05-14 00:00:00','2023-05-16 00:00:00',2,'2023-05-16 00:00:00',NULL,NULL,NULL),
(95,210,3506,'2023-01-23 00:00:00','2023-01-25 00:00:00',2,'2023-01-25 00:00:00',NULL,NULL,NULL),
(96,206,3524,'2023-03-30 00:00:00','2023-04-04 00:00:00',5,'2023-04-04 00:00:00',NULL,NULL,NULL),
(97,210,3529,'2023-03-31 00:00:00','2023-04-06 00:00:00',5,'2023-04-05 00:00:00',NULL,NULL,NULL),
(98,213,3543,'2023-01-26 00:00:00','2023-02-02 00:00:00',6,'2023-02-01 00:00:00',NULL,NULL,NULL),
(99,205,3550,'2023-02-09 00:00:00','2023-02-12 00:00:00',2,'2023-02-11 00:00:00',NULL,NULL,NULL),
(100,210,3543,'2023-05-07 00:00:00','2023-05-12 00:00:00',4,'2023-05-11 00:00:00',NULL,NULL,NULL),
(101,211,3508,'2023-06-20 00:00:00','2023-06-25 00:00:00',5,'2023-06-25 00:00:00',NULL,NULL,NULL),
(102,205,3551,'2022-12-02 00:00:00','2022-12-07 00:00:00',4,'2022-12-06 00:00:00',NULL,NULL,NULL),
(103,212,3520,'2023-01-05 00:00:00','2023-01-08 00:00:00',2,'2023-01-07 00:00:00',NULL,NULL,NULL),
(104,211,3502,'2022-11-27 00:00:00','2022-12-03 00:00:00',5,'2022-12-02 00:00:00',NULL,NULL,NULL),
(105,211,3570,'2023-06-14 00:00:00','2023-06-17 00:00:00',2,'2023-06-16 00:00:00',NULL,NULL,NULL),
(106,206,3557,'2023-02-26 00:00:00','2023-03-01 00:00:00',2,'2023-02-28 00:00:00',NULL,NULL,NULL),
(107,212,3519,'2022-11-22 00:00:00','2022-11-25 00:00:00',2,'2022-11-24 00:00:00',NULL,NULL,NULL),
(108,208,3567,'2023-04-03 00:00:00','2023-04-05 00:00:00',2,'2023-04-05 00:00:00',NULL,NULL,NULL),
(109,213,3508,'2022-12-18 00:00:00','2022-12-21 00:00:00',3,'2022-12-21 00:00:00',NULL,NULL,NULL),
(110,209,3551,'2023-01-26 00:00:00','2023-02-02 00:00:00',6,'2023-02-01 00:00:00',NULL,NULL,NULL),
(111,210,3522,'2022-12-07 00:00:00','2022-12-10 00:00:00',3,'2022-12-10 00:00:00',NULL,NULL,NULL),
(112,208,3532,'2023-06-10 00:00:00','2023-06-14 00:00:00',4,'2023-06-14 00:00:00',NULL,NULL,NULL),
(113,211,3542,'2023-05-29 00:00:00','2023-06-02 00:00:00',3,'2023-06-01 00:00:00',NULL,NULL,NULL),
(114,208,3563,'2022-12-23 00:00:00','2022-12-25 00:00:00',2,'2022-12-25 00:00:00',NULL,NULL,NULL),
(115,211,3514,'2023-04-28 00:00:00','2023-05-05 00:00:00',7,'2023-05-05 00:00:00',NULL,NULL,NULL),
(116,210,3561,'2023-06-19 00:00:00','2023-06-23 00:00:00',3,'2023-06-22 00:00:00',NULL,NULL,NULL),
(117,204,3505,'2023-02-07 00:00:00','2023-02-14 00:00:00',6,'2023-02-13 00:00:00',NULL,NULL,NULL),
(118,210,3530,'2023-02-18 00:00:00','2023-02-20 00:00:00',2,'2023-02-20 00:00:00',NULL,NULL,NULL),
(119,204,3514,'2022-11-14 00:00:00','2022-11-18 00:00:00',3,'2022-11-17 00:00:00',NULL,NULL,NULL),
(120,210,3573,'2023-01-27 00:00:00','2023-01-31 00:00:00',3,'2023-01-30 00:00:00',NULL,NULL,NULL),
(121,211,3501,'2023-02-07 00:00:00','2023-02-09 00:00:00',1,'2023-02-08 00:00:00',NULL,NULL,NULL),
(122,210,3526,'2023-04-06 00:00:00','2023-04-12 00:00:00',5,'2023-04-11 00:00:00',NULL,NULL,NULL),
(123,210,3537,'2023-04-03 00:00:00','2023-04-08 00:00:00',5,'2023-04-08 00:00:00',NULL,NULL,NULL),
(124,207,3539,'2023-01-13 00:00:00','2023-01-16 00:00:00',2,'2023-01-15 00:00:00',NULL,NULL,NULL),
(125,207,3537,'2023-01-26 00:00:00','2023-02-01 00:00:00',5,'2023-01-31 00:00:00',NULL,NULL,NULL),
(126,206,3566,'2022-12-16 00:00:00','2022-12-22 00:00:00',5,'2022-12-21 00:00:00',NULL,NULL,NULL),
(127,209,3536,'2023-03-31 00:00:00','2023-04-06 00:00:00',5,'2023-04-05 00:00:00',NULL,NULL,NULL),
(128,208,3519,'2022-11-22 00:00:00','2022-11-27 00:00:00',5,'2022-11-27 00:00:00',NULL,NULL,NULL),
(129,210,3536,'2023-02-16 00:00:00','2023-02-22 00:00:00',6,'2023-02-22 00:00:00',NULL,NULL,NULL),
(130,208,3501,'2023-04-13 00:00:00','2023-04-17 00:00:00',3,'2023-04-16 00:00:00',NULL,NULL,NULL),
(131,209,3568,'2023-05-19 00:00:00','2023-05-22 00:00:00',2,'2023-05-21 00:00:00',NULL,NULL,NULL),
(132,211,3528,'2023-03-29 00:00:00','2023-04-02 00:00:00',3,'2023-04-01 00:00:00',NULL,NULL,NULL),
(133,207,3564,'2023-01-22 00:00:00','2023-01-24 00:00:00',2,'2023-01-24 00:00:00',NULL,NULL,NULL),
(134,205,3515,'2022-12-16 00:00:00','2022-12-20 00:00:00',4,'2022-12-20 00:00:00',NULL,NULL,NULL),
(135,208,3566,'2023-04-29 00:00:00','2023-05-05 00:00:00',5,'2023-05-04 00:00:00',NULL,NULL,NULL),
(136,212,3534,'2023-01-10 00:00:00','2023-01-13 00:00:00',3,'2023-01-13 00:00:00',NULL,NULL,NULL),
(137,208,3516,'2022-12-13 00:00:00','2022-12-19 00:00:00',6,'2022-12-19 00:00:00',NULL,NULL,NULL),
(138,208,3562,'2023-06-29 00:00:00','2023-07-02 00:00:00',3,'2023-07-02 00:00:00',NULL,NULL,NULL),
(139,210,3513,'2022-11-06 00:00:00','2022-11-10 00:00:00',4,'2022-11-10 00:00:00',NULL,NULL,NULL),
(140,209,3551,'2023-06-29 00:00:00','2023-07-03 00:00:00',3,'2023-07-02 00:00:00',NULL,NULL,NULL),
(141,208,3540,'2023-01-27 00:00:00','2023-01-30 00:00:00',2,'2023-01-29 00:00:00',NULL,NULL,NULL),
(142,205,3510,'2022-12-30 00:00:00','2023-01-03 00:00:00',3,'2023-01-02 00:00:00',NULL,NULL,NULL),
(143,205,3548,'2023-04-16 00:00:00','2023-04-22 00:00:00',5,'2023-04-21 00:00:00',NULL,NULL,NULL),
(144,210,3522,'2023-05-05 00:00:00','2023-05-09 00:00:00',3,'2023-05-08 00:00:00',NULL,NULL,NULL),
(145,208,3555,'2023-02-03 00:00:00','2023-02-06 00:00:00',2,'2023-02-05 00:00:00',NULL,NULL,NULL),
(146,204,3534,'2023-05-07 00:00:00','2023-05-12 00:00:00',4,'2023-05-11 00:00:00',NULL,NULL,NULL),
(147,212,3513,'2022-11-24 00:00:00','2022-12-01 00:00:00',6,'2022-11-30 00:00:00',NULL,NULL,NULL),
(148,204,3508,'2023-01-18 00:00:00','2023-01-24 00:00:00',5,'2023-01-23 00:00:00',NULL,NULL,NULL),
(149,205,3536,'2023-01-29 00:00:00','2023-02-05 00:00:00',6,'2023-02-04 00:00:00',NULL,NULL,NULL),
(150,212,3519,'2022-12-25 00:00:00','2022-12-27 00:00:00',1,'2022-12-26 00:00:00',NULL,NULL,NULL),
(151,207,3535,'2022-12-15 00:00:00','2022-12-22 00:00:00',6,'2022-12-21 00:00:00',NULL,NULL,NULL),
(152,210,3521,'2023-04-16 00:00:00','2023-04-22 00:00:00',5,'2023-04-21 00:00:00',NULL,NULL,NULL),
(153,206,3545,'2023-01-21 00:00:00','2023-01-24 00:00:00',2,'2023-01-23 00:00:00',NULL,NULL,NULL),
(154,205,3506,'2023-03-02 00:00:00','2023-03-05 00:00:00',2,'2023-03-04 00:00:00',NULL,NULL,NULL),
(155,212,3509,'2023-03-14 00:00:00','2023-03-20 00:00:00',5,'2023-03-19 00:00:00',NULL,NULL,NULL),
(156,213,3532,'2022-11-11 00:00:00','2022-11-16 00:00:00',5,'2022-11-16 00:00:00',NULL,NULL,NULL),
(157,206,3522,'2022-12-29 00:00:00','2023-01-03 00:00:00',4,'2023-01-02 00:00:00',NULL,NULL,NULL),
(158,209,3562,'2023-01-31 00:00:00','2023-02-04 00:00:00',3,'2023-02-03 00:00:00',NULL,NULL,NULL),
(159,208,3513,'2022-11-22 00:00:00','2022-11-27 00:00:00',4,'2022-11-26 00:00:00',NULL,NULL,NULL),
(160,206,3560,'2023-03-31 00:00:00','2023-04-06 00:00:00',5,'2023-04-05 00:00:00',NULL,NULL,NULL),
(161,206,3572,'2023-06-15 00:00:00','2023-06-19 00:00:00',4,'2023-06-19 00:00:00',NULL,NULL,NULL),
(162,210,3507,'2022-11-28 00:00:00','2022-11-30 00:00:00',2,'2022-11-30 00:00:00',NULL,NULL,NULL),
(163,206,3531,'2022-12-10 00:00:00','2022-12-16 00:00:00',6,'2022-12-16 00:00:00',NULL,NULL,NULL),
(164,204,3515,'2023-01-04 00:00:00','2023-01-06 00:00:00',2,'2023-01-06 00:00:00',NULL,NULL,NULL),
(165,210,3507,'2023-04-27 00:00:00','2023-04-29 00:00:00',2,'2023-04-29 00:00:00',NULL,NULL,NULL),
(166,206,3503,'2023-02-18 00:00:00','2023-02-23 00:00:00',4,'2023-02-22 00:00:00',NULL,NULL,NULL),
(167,207,3573,'2022-12-18 00:00:00','2022-12-23 00:00:00',4,'2022-12-22 00:00:00',NULL,NULL,NULL),
(168,210,3528,'2023-06-13 00:00:00','2023-06-20 00:00:00',6,'2023-06-19 00:00:00',NULL,NULL,NULL),
(169,212,3529,'2023-04-16 00:00:00','2023-04-23 00:00:00',6,'2023-04-22 00:00:00',NULL,NULL,NULL),
(170,205,3568,'2023-05-19 00:00:00','2023-05-24 00:00:00',4,'2023-05-23 00:00:00',NULL,NULL,NULL),
(171,212,3572,'2023-02-17 00:00:00','2023-02-22 00:00:00',4,'2023-02-21 00:00:00',NULL,NULL,NULL),
(172,204,3526,'2023-01-17 00:00:00','2023-01-24 00:00:00',6,'2023-01-23 00:00:00',NULL,NULL,NULL),
(173,209,3562,'2022-12-27 00:00:00','2023-01-03 00:00:00',6,'2023-01-02 00:00:00',NULL,NULL,NULL),
(174,208,3561,'2023-05-12 00:00:00','2023-05-15 00:00:00',3,'2023-05-15 00:00:00',NULL,NULL,NULL),
(175,210,3518,'2023-05-31 00:00:00','2023-06-04 00:00:00',4,'2023-06-04 00:00:00',NULL,NULL,NULL),
(176,213,3505,'2023-02-23 00:00:00','2023-03-01 00:00:00',6,'2023-03-01 00:00:00',NULL,NULL,NULL),
(177,207,3501,'2023-01-24 00:00:00','2023-01-29 00:00:00',5,'2023-01-29 00:00:00',NULL,NULL,NULL),
(178,210,3550,'2023-03-26 00:00:00','2023-04-02 00:00:00',7,'2023-04-02 00:00:00',NULL,NULL,NULL),
(179,205,3558,'2023-01-09 00:00:00','2023-01-13 00:00:00',4,'2023-01-13 00:00:00',NULL,NULL,NULL),
(180,207,3557,'2023-01-04 00:00:00','2023-01-11 00:00:00',6,'2023-01-10 00:00:00',NULL,NULL,NULL),
(181,209,3546,'2023-04-14 00:00:00','2023-04-20 00:00:00',6,'2023-04-20 00:00:00',NULL,NULL,NULL),
(182,206,3561,'2023-02-17 00:00:00','2023-02-24 00:00:00',7,'2023-02-24 00:00:00',NULL,NULL,NULL),
(183,204,3507,'2023-03-28 00:00:00','2023-04-04 00:00:00',6,'2023-04-03 00:00:00',NULL,NULL,NULL),
(184,204,3527,'2023-03-26 00:00:00','2023-03-30 00:00:00',3,'2023-03-29 00:00:00',NULL,NULL,NULL),
(185,207,3505,'2022-11-09 00:00:00','2022-11-10 00:00:00',1,'2022-11-10 00:00:00',NULL,NULL,NULL),
(186,212,3547,'2023-04-05 00:00:00','2023-04-11 00:00:00',5,'2023-04-10 00:00:00',NULL,NULL,NULL),
(187,207,3569,'2023-05-13 00:00:00','2023-05-15 00:00:00',1,'2023-05-14 00:00:00',NULL,NULL,NULL),
(188,209,3516,'2023-02-05 00:00:00','2023-02-12 00:00:00',6,'2023-02-11 00:00:00',NULL,NULL,NULL),
(189,206,3547,'2023-04-04 00:00:00','2023-04-08 00:00:00',3,'2023-04-07 00:00:00',NULL,NULL,NULL),
(190,207,3508,'2023-03-20 00:00:00','2023-03-23 00:00:00',2,'2023-03-22 00:00:00',NULL,NULL,NULL),
(191,206,3529,'2023-01-05 00:00:00','2023-01-12 00:00:00',7,'2023-01-12 00:00:00',NULL,NULL,NULL),
(192,212,3540,'2023-01-02 00:00:00','2023-01-07 00:00:00',5,'2023-01-07 00:00:00',NULL,NULL,NULL),
(193,212,3555,'2023-04-06 00:00:00','2023-04-11 00:00:00',5,'2023-04-11 00:00:00',NULL,NULL,NULL),
(194,204,3520,'2023-06-24 00:00:00','2023-06-27 00:00:00',3,'2023-06-27 00:00:00',NULL,NULL,NULL),
(195,212,3506,'2023-03-10 00:00:00','2023-03-14 00:00:00',3,'2023-03-13 00:00:00',NULL,NULL,NULL),
(196,211,3567,'2023-04-06 00:00:00','2023-04-11 00:00:00',5,'2023-04-11 00:00:00',NULL,NULL,NULL),
(197,204,3546,'2023-03-08 00:00:00','2023-03-10 00:00:00',2,'2023-03-10 00:00:00',NULL,NULL,NULL),
(198,212,3559,'2023-01-08 00:00:00','2023-01-15 00:00:00',6,'2023-01-14 00:00:00',NULL,NULL,NULL),
(199,205,3533,'2023-06-10 00:00:00','2023-06-16 00:00:00',6,'2023-06-16 00:00:00',NULL,NULL,NULL),
(200,210,3520,'2023-04-13 00:00:00','2023-04-19 00:00:00',6,'2023-04-19 00:00:00',NULL,NULL,NULL),
(201,205,3510,'2023-05-05 00:00:00','2023-05-11 00:00:00',5,'2023-05-10 00:00:00',NULL,NULL,NULL),
(202,204,3509,'2023-02-22 00:00:00','2023-02-27 00:00:00',5,'2023-02-27 00:00:00',NULL,NULL,NULL),
(203,206,3501,'2022-12-16 00:00:00','2022-12-23 00:00:00',6,'2022-12-22 00:00:00',NULL,NULL,NULL),
(204,205,3513,'2023-04-12 00:00:00','2023-04-18 00:00:00',6,'2023-04-18 00:00:00',NULL,NULL,NULL),
(205,205,3525,'2022-11-02 00:00:00','2022-11-07 00:00:00',4,'2022-11-06 00:00:00',NULL,NULL,NULL),
(206,205,3558,'2023-03-09 00:00:00','2023-03-16 00:00:00',6,'2023-03-15 00:00:00',NULL,NULL,NULL),
(207,208,3505,'2023-06-29 00:00:00','2023-07-04 00:00:00',4,'2023-07-03 00:00:00',NULL,NULL,NULL),
(208,212,3507,'2023-06-25 00:00:00','2023-07-02 00:00:00',6,'2023-07-01 00:00:00',NULL,NULL,NULL),
(209,212,3524,'2023-03-24 00:00:00','2023-03-28 00:00:00',3,'2023-03-27 00:00:00',NULL,NULL,NULL),
(210,211,3515,'2023-04-16 00:00:00','2023-04-21 00:00:00',5,'2023-04-21 00:00:00',NULL,NULL,NULL),
(211,208,3565,'2023-05-07 00:00:00','2023-05-09 00:00:00',2,'2023-05-09 00:00:00',NULL,NULL,NULL),
(212,212,3503,'2023-03-14 00:00:00','2023-03-18 00:00:00',4,'2023-03-18 00:00:00',NULL,NULL,NULL),
(213,207,3558,'2023-04-16 00:00:00','2023-04-23 00:00:00',6,'2023-04-22 00:00:00',NULL,NULL,NULL),
(214,211,3548,'2022-12-02 00:00:00','2022-12-05 00:00:00',3,'2022-12-05 00:00:00',NULL,NULL,NULL),
(215,211,3515,'2023-04-05 00:00:00','2023-04-11 00:00:00',5,'2023-04-10 00:00:00',NULL,NULL,NULL),
(216,208,3503,'2023-06-24 00:00:00','2023-06-27 00:00:00',3,'2023-06-27 00:00:00',NULL,NULL,NULL),
(217,209,3564,'2023-04-04 00:00:00','2023-04-11 00:00:00',6,'2023-04-10 00:00:00',NULL,NULL,NULL),
(218,209,3516,'2023-03-12 00:00:00','2023-03-16 00:00:00',4,'2023-03-16 00:00:00',NULL,NULL,NULL),
(219,207,3520,'2023-04-23 00:00:00','2023-04-30 00:00:00',6,'2023-04-29 00:00:00',NULL,NULL,NULL),
(220,205,3517,'2023-04-23 00:00:00','2023-04-30 00:00:00',6,'2023-04-29 00:00:00',NULL,NULL,NULL),
(221,208,3560,'2022-12-18 00:00:00','2022-12-21 00:00:00',2,'2022-12-20 00:00:00',NULL,NULL,NULL),
(222,209,3540,'2023-04-06 00:00:00','2023-04-10 00:00:00',3,'2023-04-09 00:00:00',NULL,NULL,NULL),
(223,212,3502,'2023-02-17 00:00:00','2023-02-23 00:00:00',5,'2023-02-22 00:00:00',NULL,NULL,NULL),
(224,206,3535,'2023-05-31 00:00:00','2023-06-04 00:00:00',3,'2023-06-03 00:00:00',NULL,NULL,NULL),
(225,207,3559,'2023-03-01 00:00:00','2023-03-05 00:00:00',3,'2023-03-04 00:00:00',NULL,NULL,NULL),
(226,210,3504,'2023-05-23 00:00:00','2023-05-30 00:00:00',6,'2023-05-29 00:00:00',NULL,NULL,NULL),
(227,205,3553,'2023-01-29 00:00:00','2023-02-04 00:00:00',5,'2023-02-03 00:00:00',NULL,NULL,NULL),
(228,204,3511,'2023-05-04 00:00:00','2023-05-07 00:00:00',3,'2023-05-07 00:00:00',NULL,NULL,NULL),
(229,208,3521,'2022-11-11 00:00:00','2022-11-17 00:00:00',5,'2022-11-16 00:00:00',NULL,NULL,NULL),
(230,211,3504,'2023-02-18 00:00:00','2023-02-24 00:00:00',5,'2023-02-23 00:00:00',NULL,NULL,NULL),
(231,212,3530,'2022-12-19 00:00:00','2022-12-26 00:00:00',6,'2022-12-25 00:00:00',NULL,NULL,NULL),
(232,206,3529,'2022-10-31 00:00:00','2022-11-03 00:00:00',3,'2022-11-03 00:00:00',NULL,NULL,NULL),
(233,213,3551,'2023-03-03 00:00:00','2023-03-07 00:00:00',4,'2023-03-07 00:00:00',NULL,NULL,NULL),
(234,209,3551,'2023-03-18 00:00:00','2023-03-22 00:00:00',3,'2023-03-21 00:00:00',NULL,NULL,NULL),
(235,211,3562,'2023-01-15 00:00:00','2023-01-18 00:00:00',2,'2023-01-17 00:00:00',NULL,NULL,NULL),
(236,212,3565,'2022-11-20 00:00:00','2022-11-27 00:00:00',6,'2022-11-26 00:00:00',NULL,NULL,NULL),
(237,211,3518,'2022-11-02 00:00:00','2022-11-05 00:00:00',2,'2022-11-04 00:00:00',NULL,NULL,NULL),
(238,212,3544,'2023-04-15 00:00:00','2023-04-20 00:00:00',4,'2023-04-19 00:00:00',NULL,NULL,NULL),
(239,207,3511,'2023-05-12 00:00:00','2023-05-18 00:00:00',5,'2023-05-17 00:00:00',NULL,NULL,NULL),
(240,209,3542,'2023-06-26 00:00:00','2023-07-03 00:00:00',6,'2023-07-02 00:00:00',NULL,NULL,NULL),
(241,211,3553,'2023-02-15 00:00:00','2023-02-22 00:00:00',7,'2023-02-22 00:00:00',NULL,NULL,NULL),
(242,206,3527,'2023-05-11 00:00:00','2023-05-13 00:00:00',2,'2023-05-13 00:00:00',NULL,NULL,NULL),
(243,212,3540,'2022-11-04 00:00:00','2022-11-08 00:00:00',4,'2022-11-08 00:00:00',NULL,NULL,NULL),
(244,213,3511,'2023-04-04 00:00:00','2023-04-09 00:00:00',4,'2023-04-08 00:00:00',NULL,NULL,NULL),
(245,211,3559,'2023-06-15 00:00:00','2023-06-18 00:00:00',2,'2023-06-17 00:00:00',NULL,NULL,NULL),
(246,207,3563,'2023-06-21 00:00:00','2023-06-24 00:00:00',2,'2023-06-23 00:00:00',NULL,NULL,NULL),
(247,212,3506,'2023-05-06 00:00:00','2023-05-13 00:00:00',6,'2023-05-12 00:00:00',NULL,NULL,NULL),
(248,209,3558,'2022-11-18 00:00:00','2022-11-24 00:00:00',5,'2022-11-23 00:00:00',NULL,NULL,NULL),
(249,204,3516,'2023-06-08 00:00:00','2023-06-10 00:00:00',2,'2023-06-10 00:00:00',NULL,NULL,NULL),
(250,211,3512,'2023-01-14 00:00:00','2023-01-21 00:00:00',6,'2023-01-20 00:00:00',NULL,NULL,NULL),
(251,208,3507,'2022-10-31 00:00:00','2022-11-05 00:00:00',4,'2022-11-04 00:00:00',NULL,NULL,NULL),
(252,212,3531,'2023-03-08 00:00:00','2023-03-14 00:00:00',6,'2023-03-14 00:00:00',NULL,NULL,NULL),
(253,206,3517,'2022-11-05 00:00:00','2022-11-07 00:00:00',2,'2022-11-07 00:00:00',NULL,NULL,NULL),
(254,206,3542,'2022-11-03 00:00:00','2022-11-06 00:00:00',3,'2022-11-06 00:00:00',NULL,NULL,NULL),
(255,204,3554,'2022-12-29 00:00:00','2023-01-04 00:00:00',5,'2023-01-03 00:00:00',NULL,NULL,NULL),
(256,207,3567,'2023-03-30 00:00:00','2023-04-05 00:00:00',5,'2023-04-04 00:00:00',NULL,NULL,NULL),
(257,206,3556,'2023-03-20 00:00:00','2023-03-27 00:00:00',6,'2023-03-26 00:00:00',NULL,NULL,NULL),
(258,212,3522,'2023-02-22 00:00:00','2023-02-27 00:00:00',5,'2023-02-27 00:00:00',NULL,NULL,NULL),
(259,211,3565,'2023-06-02 00:00:00','2023-06-06 00:00:00',3,'2023-06-05 00:00:00',NULL,NULL,NULL),
(260,205,3512,'2023-02-20 00:00:00','2023-02-24 00:00:00',4,'2023-02-24 00:00:00',NULL,NULL,NULL),
(261,206,3506,'2022-11-15 00:00:00','2022-11-18 00:00:00',2,'2022-11-17 00:00:00',NULL,NULL,NULL),
(262,208,3514,'2023-01-13 00:00:00','2023-01-16 00:00:00',2,'2023-01-15 00:00:00',NULL,NULL,NULL),
(263,208,3565,'2023-01-18 00:00:00','2023-01-25 00:00:00',6,'2023-01-24 00:00:00',NULL,NULL,NULL),
(264,212,3507,'2023-03-26 00:00:00','2023-03-30 00:00:00',3,'2023-03-29 00:00:00',NULL,NULL,NULL),
(265,209,3553,'2023-03-06 00:00:00','2023-03-10 00:00:00',3,'2023-03-09 00:00:00',NULL,NULL,NULL),
(266,211,3568,'2023-03-27 00:00:00','2023-04-03 00:00:00',6,'2023-04-02 00:00:00',NULL,NULL,NULL),
(267,205,3503,'2023-06-12 00:00:00','2023-06-19 00:00:00',6,'2023-06-18 00:00:00',NULL,NULL,NULL),
(268,210,3533,'2022-10-28 00:00:00','2022-10-31 00:00:00',3,'2022-10-31 00:00:00',NULL,NULL,NULL),
(269,204,3517,'2023-06-24 00:00:00','2023-07-01 00:00:00',6,'2023-06-30 00:00:00',NULL,NULL,NULL),
(270,211,3531,'2023-01-18 00:00:00','2023-01-22 00:00:00',4,'2023-01-22 00:00:00',NULL,NULL,NULL),
(271,209,3564,'2023-04-27 00:00:00','2023-05-05 00:00:00',7,'2023-05-04 00:00:00',NULL,NULL,NULL),
(272,208,3561,'2023-06-27 00:00:00','2023-06-29 00:00:00',2,'2023-06-29 00:00:00',NULL,NULL,NULL),
(273,210,3569,'2022-11-07 00:00:00','2022-11-10 00:00:00',2,'2022-11-09 00:00:00',NULL,NULL,NULL),
(274,209,3523,'2022-11-26 00:00:00','2022-12-02 00:00:00',6,'2022-12-02 00:00:00',NULL,NULL,NULL),
(275,210,3533,'2022-10-26 00:00:00','2022-10-28 00:00:00',2,'2022-10-28 00:00:00',NULL,NULL,NULL),
(276,205,3547,'2023-06-21 00:00:00','2023-06-26 00:00:00',5,'2023-06-26 00:00:00',NULL,NULL,NULL),
(277,209,3512,'2022-12-09 00:00:00','2022-12-13 00:00:00',3,'2022-12-12 00:00:00',NULL,NULL,NULL),
(278,213,3521,'2023-05-15 00:00:00','2023-05-23 00:00:00',7,'2023-05-22 00:00:00',NULL,NULL,NULL),
(279,209,3570,'2023-05-04 00:00:00','2023-05-07 00:00:00',3,'2023-05-07 00:00:00',NULL,NULL,NULL),
(280,204,3545,'2023-01-12 00:00:00','2023-01-16 00:00:00',4,'2023-01-16 00:00:00',NULL,NULL,NULL),
(281,211,3573,'2022-11-26 00:00:00','2022-12-01 00:00:00',5,'2022-12-01 00:00:00',NULL,NULL,NULL),
(282,210,3523,'2023-03-27 00:00:00','2023-03-29 00:00:00',2,'2023-03-29 00:00:00',NULL,NULL,NULL),
(283,209,3510,'2023-03-10 00:00:00','2023-03-17 00:00:00',6,'2023-03-16 00:00:00',NULL,NULL,NULL),
(284,211,3560,'2023-05-31 00:00:00','2023-06-07 00:00:00',6,'2023-06-06 00:00:00',NULL,NULL,NULL),
(285,204,3554,'2023-04-20 00:00:00','2023-04-26 00:00:00',5,'2023-04-25 00:00:00',NULL,NULL,NULL),
(286,205,3530,'2023-03-29 00:00:00','2023-04-05 00:00:00',6,'2023-04-04 00:00:00',NULL,NULL,NULL),
(287,208,3551,'2023-02-19 00:00:00','2023-02-26 00:00:00',6,'2023-02-25 00:00:00',NULL,NULL,NULL),
(288,206,3527,'2023-01-22 00:00:00','2023-01-27 00:00:00',5,'2023-01-27 00:00:00',NULL,NULL,NULL),
(289,206,3504,'2023-03-14 00:00:00','2023-03-16 00:00:00',2,'2023-03-16 00:00:00',NULL,NULL,NULL),
(290,212,3561,'2023-02-27 00:00:00','2023-03-01 00:00:00',1,'2023-02-28 00:00:00',NULL,NULL,NULL),
(291,204,3565,'2023-02-23 00:00:00','2023-02-28 00:00:00',4,'2023-02-27 00:00:00',NULL,NULL,NULL),
(292,207,3525,'2023-04-17 00:00:00','2023-04-24 00:00:00',6,'2023-04-23 00:00:00',NULL,NULL,NULL),
(293,211,3533,'2023-06-11 00:00:00','2023-06-13 00:00:00',1,'2023-06-12 00:00:00',NULL,NULL,NULL),
(294,207,3563,'2022-12-16 00:00:00','2022-12-23 00:00:00',6,'2022-12-22 00:00:00',NULL,NULL,NULL),
(295,208,3531,'2023-04-23 00:00:00','2023-04-28 00:00:00',5,'2023-04-28 00:00:00',NULL,NULL,NULL),
(296,212,3515,'2023-05-23 00:00:00','2023-05-31 00:00:00',7,'2023-05-30 00:00:00',NULL,NULL,NULL),
(297,212,3554,'2023-03-11 00:00:00','2023-03-15 00:00:00',3,'2023-03-14 00:00:00',NULL,NULL,NULL),
(298,205,3526,'2023-05-27 00:00:00','2023-06-02 00:00:00',6,'2023-06-02 00:00:00',NULL,NULL,NULL),
(299,211,3549,'2023-01-30 00:00:00','2023-02-05 00:00:00',5,'2023-02-04 00:00:00',NULL,NULL,NULL),
(300,213,3541,'2023-04-18 00:00:00','2023-04-24 00:00:00',5,'2023-04-23 00:00:00',NULL,NULL,NULL),
(301,208,3508,'2023-05-29 00:00:00','2023-06-05 00:00:00',6,'2023-06-04 00:00:00',NULL,NULL,NULL),
(302,208,3547,'2022-11-27 00:00:00','2022-12-03 00:00:00',5,'2022-12-02 00:00:00',NULL,NULL,NULL),
(303,208,3520,'2023-05-01 00:00:00','2023-05-07 00:00:00',6,'2023-05-07 00:00:00',NULL,NULL,NULL),
(304,213,3501,'2022-12-07 00:00:00','2022-12-12 00:00:00',4,'2022-12-11 00:00:00',NULL,NULL,NULL),
(305,210,3516,'2023-02-17 00:00:00','2023-02-21 00:00:00',4,'2023-02-21 00:00:00',NULL,NULL,NULL),
(306,210,3562,'2022-12-21 00:00:00','2022-12-26 00:00:00',4,'2022-12-25 00:00:00',NULL,NULL,NULL),
(307,205,3541,'2022-12-11 00:00:00','2022-12-18 00:00:00',6,'2022-12-17 00:00:00',NULL,NULL,NULL),
(308,206,3572,'2023-03-17 00:00:00','2023-03-24 00:00:00',6,'2023-03-23 00:00:00',NULL,NULL,NULL),
(309,212,3540,'2022-12-17 00:00:00','2022-12-22 00:00:00',4,'2022-12-21 00:00:00',NULL,NULL,NULL),
(310,210,3509,'2023-05-31 00:00:00','2023-06-03 00:00:00',2,'2023-06-02 00:00:00',NULL,NULL,NULL),
(311,212,3527,'2023-04-19 00:00:00','2023-04-22 00:00:00',2,'2023-04-21 00:00:00',NULL,NULL,NULL),
(312,205,3527,'2023-03-20 00:00:00','2023-03-26 00:00:00',6,'2023-03-26 00:00:00',NULL,NULL,NULL),
(313,207,3561,'2023-05-01 00:00:00','2023-05-06 00:00:00',4,'2023-05-05 00:00:00',NULL,NULL,NULL),
(314,211,3538,'2022-11-13 00:00:00','2022-11-14 00:00:00',1,'2022-11-14 00:00:00',NULL,NULL,NULL),
(315,213,3543,'2023-04-09 00:00:00','2023-04-15 00:00:00',5,'2023-04-14 00:00:00',NULL,NULL,NULL),
(316,205,3530,'2023-06-26 00:00:00','2023-06-30 00:00:00',3,'2023-06-29 00:00:00',NULL,NULL,NULL),
(317,208,3529,'2023-03-30 00:00:00','2023-04-07 00:00:00',7,'2023-04-06 00:00:00',NULL,NULL,NULL),
(318,208,3558,'2022-11-25 00:00:00','2022-11-29 00:00:00',3,'2022-11-28 00:00:00',NULL,NULL,NULL),
(319,205,3533,'2023-04-17 00:00:00','2023-04-21 00:00:00',3,'2023-04-20 00:00:00',NULL,NULL,NULL),
(320,207,3503,'2022-12-11 00:00:00','2022-12-13 00:00:00',1,'2022-12-12 00:00:00',NULL,NULL,NULL),
(321,210,3558,'2023-01-16 00:00:00','2023-01-20 00:00:00',3,'2023-01-19 00:00:00',NULL,NULL,NULL),
(322,204,3545,'2023-03-29 00:00:00','2023-03-31 00:00:00',2,'2023-03-31 00:00:00',NULL,NULL,NULL),
(323,206,3561,'2023-05-28 00:00:00','2023-06-02 00:00:00',4,'2023-06-01 00:00:00',NULL,NULL,NULL),
(324,204,3511,'2023-05-11 00:00:00','2023-05-15 00:00:00',4,'2023-05-15 00:00:00',NULL,NULL,NULL),
(325,210,3523,'2023-01-13 00:00:00','2023-01-15 00:00:00',1,'2023-01-14 00:00:00',NULL,NULL,NULL),
(326,204,3527,'2023-06-19 00:00:00','2023-06-22 00:00:00',2,'2023-06-21 00:00:00',NULL,NULL,NULL),
(327,205,3536,'2022-12-04 00:00:00','2022-12-09 00:00:00',5,'2022-12-09 00:00:00',NULL,NULL,NULL),
(328,206,3557,'2023-03-01 00:00:00','2023-03-07 00:00:00',5,'2023-03-06 00:00:00',NULL,NULL,NULL),
(329,204,3568,'2022-12-31 00:00:00','2023-01-06 00:00:00',5,'2023-01-05 00:00:00',NULL,NULL,NULL),
(330,209,3571,'2023-02-28 00:00:00','2023-03-04 00:00:00',3,'2023-03-03 00:00:00',NULL,NULL,NULL),
(331,213,3524,'2022-12-07 00:00:00','2022-12-10 00:00:00',3,'2022-12-10 00:00:00',NULL,NULL,NULL),
(332,209,3550,'2023-05-10 00:00:00','2023-05-12 00:00:00',1,'2023-05-11 00:00:00',NULL,NULL,NULL),
(333,209,3561,'2023-02-24 00:00:00','2023-03-01 00:00:00',4,'2023-02-28 00:00:00',NULL,NULL,NULL),
(334,205,3561,'2022-12-17 00:00:00','2022-12-21 00:00:00',4,'2022-12-21 00:00:00',NULL,NULL,NULL),
(335,212,3534,'2023-04-10 00:00:00','2023-04-13 00:00:00',2,'2023-04-12 00:00:00',NULL,NULL,NULL),
(336,209,3501,'2023-05-10 00:00:00','2023-05-17 00:00:00',6,'2023-05-16 00:00:00',NULL,NULL,NULL),
(337,213,3543,'2022-11-05 00:00:00','2022-11-06 00:00:00',1,'2022-11-06 00:00:00',NULL,NULL,NULL),
(338,211,3552,'2023-04-19 00:00:00','2023-04-23 00:00:00',3,'2023-04-22 00:00:00',NULL,NULL,NULL),
(339,209,3535,'2022-11-08 00:00:00','2022-11-14 00:00:00',5,'2022-11-13 00:00:00',NULL,NULL,NULL),
(340,212,3520,'2023-04-25 00:00:00','2023-04-29 00:00:00',4,'2023-04-29 00:00:00',NULL,NULL,NULL),
(341,207,3525,'2023-01-27 00:00:00','2023-02-02 00:00:00',5,'2023-02-01 00:00:00',NULL,NULL,NULL),
(342,212,3547,'2023-03-25 00:00:00','2023-03-27 00:00:00',1,'2023-03-26 00:00:00',NULL,NULL,NULL),
(343,213,3510,'2022-11-20 00:00:00','2022-11-25 00:00:00',4,'2022-11-24 00:00:00',NULL,NULL,NULL),
(344,207,3550,'2023-03-23 00:00:00','2023-03-28 00:00:00',5,'2023-03-28 00:00:00',NULL,NULL,NULL),
(345,213,3528,'2023-02-11 00:00:00','2023-02-16 00:00:00',4,'2023-02-15 00:00:00',NULL,NULL,NULL),
(346,207,3513,'2023-06-16 00:00:00','2023-06-22 00:00:00',5,'2023-06-21 00:00:00',NULL,NULL,NULL),
(347,207,3531,'2023-06-01 00:00:00','2023-06-07 00:00:00',5,'2023-06-06 00:00:00',NULL,NULL,NULL),
(348,213,3550,'2022-12-27 00:00:00','2023-01-02 00:00:00',6,'2023-01-02 00:00:00',NULL,NULL,NULL),
(349,208,3505,'2023-06-03 00:00:00','2023-06-09 00:00:00',6,'2023-06-09 00:00:00',NULL,NULL,NULL),
(350,209,3555,'2023-03-24 00:00:00','2023-03-27 00:00:00',2,'2023-03-26 00:00:00',NULL,NULL,NULL),
(351,206,3554,'2023-02-12 00:00:00','2023-02-16 00:00:00',3,'2023-02-15 00:00:00',NULL,NULL,NULL),
(352,212,3513,'2022-10-29 00:00:00','2022-11-05 00:00:00',6,'2022-11-04 00:00:00',NULL,NULL,NULL),
(353,212,3530,'2023-01-17 00:00:00','2023-01-22 00:00:00',4,'2023-01-21 00:00:00',NULL,NULL,NULL),
(354,211,3525,'2023-01-02 00:00:00','2023-01-10 00:00:00',7,'2023-01-09 00:00:00',NULL,NULL,NULL),
(355,209,3505,'2022-12-25 00:00:00','2022-12-31 00:00:00',6,'2022-12-31 00:00:00',NULL,NULL,NULL),
(356,206,3514,'2022-12-16 00:00:00','2022-12-20 00:00:00',4,'2022-12-20 00:00:00',NULL,NULL,NULL),
(357,204,3546,'2023-04-26 00:00:00','2023-05-02 00:00:00',5,'2023-05-01 00:00:00',NULL,NULL,NULL),
(358,208,3565,'2022-11-12 00:00:00','2022-11-16 00:00:00',3,'2022-11-15 00:00:00',NULL,NULL,NULL),
(359,210,3514,'2023-05-12 00:00:00','2023-05-19 00:00:00',6,'2023-05-18 00:00:00',NULL,NULL,NULL),
(360,207,3547,'2023-03-10 00:00:00','2023-03-16 00:00:00',6,'2023-03-16 00:00:00',NULL,NULL,NULL),
(361,212,3557,'2022-12-01 00:00:00','2022-12-06 00:00:00',5,'2022-12-06 00:00:00',NULL,NULL,NULL),
(362,208,3550,'2023-06-25 00:00:00','2023-07-02 00:00:00',7,'2023-07-02 00:00:00',NULL,NULL,NULL),
(363,204,3533,'2022-12-14 00:00:00','2022-12-16 00:00:00',2,'2022-12-16 00:00:00',NULL,NULL,NULL),
(364,206,3552,'2022-11-10 00:00:00','2022-11-14 00:00:00',4,'2022-11-14 00:00:00',NULL,NULL,NULL),
(365,213,3508,'2023-02-10 00:00:00','2023-02-15 00:00:00',4,'2023-02-14 00:00:00',NULL,NULL,NULL),
(366,208,3543,'2023-04-01 00:00:00','2023-04-07 00:00:00',5,'2023-04-06 00:00:00',NULL,NULL,NULL),
(367,205,3514,'2022-12-03 00:00:00','2022-12-08 00:00:00',4,'2022-12-07 00:00:00',NULL,NULL,NULL),
(368,207,3562,'2023-01-08 00:00:00','2023-01-11 00:00:00',2,'2023-01-10 00:00:00',NULL,NULL,NULL),
(369,207,3570,'2023-01-10 00:00:00','2023-01-17 00:00:00',7,'2023-01-17 00:00:00',NULL,NULL,NULL),
(370,206,3552,'2022-12-08 00:00:00','2022-12-11 00:00:00',2,'2022-12-10 00:00:00',NULL,NULL,NULL),
(371,211,3518,'2023-03-28 00:00:00','2023-04-01 00:00:00',4,'2023-04-01 00:00:00',NULL,NULL,NULL),
(372,207,3535,'2022-11-22 00:00:00','2022-11-25 00:00:00',2,'2022-11-24 00:00:00',NULL,NULL,NULL),
(373,208,3512,'2023-04-04 00:00:00','2023-04-06 00:00:00',2,'2023-04-06 00:00:00',NULL,NULL,NULL),
(374,207,3540,'2023-01-05 00:00:00','2023-01-07 00:00:00',2,'2023-01-07 00:00:00',NULL,NULL,NULL),
(375,210,3569,'2023-04-14 00:00:00','2023-04-18 00:00:00',3,'2023-04-17 00:00:00',NULL,NULL,NULL),
(376,210,3518,'2023-02-14 00:00:00','2023-02-21 00:00:00',6,'2023-02-20 00:00:00',NULL,NULL,NULL),
(377,206,3563,'2023-01-24 00:00:00','2023-01-30 00:00:00',5,'2023-01-29 00:00:00',NULL,NULL,NULL),
(378,208,3525,'2023-06-13 00:00:00','2023-06-19 00:00:00',5,'2023-06-18 00:00:00',NULL,NULL,NULL),
(379,211,3536,'2023-01-04 00:00:00','2023-01-11 00:00:00',6,'2023-01-10 00:00:00',NULL,NULL,NULL),
(380,208,3501,'2022-11-24 00:00:00','2022-12-02 00:00:00',7,'2022-12-01 00:00:00',NULL,NULL,NULL),
(381,211,3511,'2023-04-25 00:00:00','2023-04-30 00:00:00',4,'2023-04-29 00:00:00',NULL,NULL,NULL),
(382,211,3545,'2023-05-09 00:00:00','2023-05-15 00:00:00',6,'2023-05-15 00:00:00',NULL,NULL,NULL),
(383,208,3540,'2023-01-22 00:00:00','2023-01-28 00:00:00',5,'2023-01-27 00:00:00',NULL,NULL,NULL),
(384,206,3503,'2023-04-20 00:00:00','2023-04-25 00:00:00',4,'2023-04-24 00:00:00',NULL,NULL,NULL),
(385,205,3501,'2023-01-09 00:00:00','2023-01-15 00:00:00',6,'2023-01-15 00:00:00',NULL,NULL,NULL),
(386,213,3501,'2023-02-12 00:00:00','2023-02-13 00:00:00',1,'2023-02-13 00:00:00',NULL,NULL,NULL),
(387,211,3532,'2023-03-31 00:00:00','2023-04-06 00:00:00',6,'2023-04-06 00:00:00',NULL,NULL,NULL),
(388,210,3518,'2022-10-26 00:00:00','2022-10-30 00:00:00',4,'2022-10-30 00:00:00',NULL,NULL,NULL),
(389,206,3543,'2023-02-19 00:00:00','2023-02-22 00:00:00',2,'2023-02-21 00:00:00',NULL,NULL,NULL),
(390,204,3535,'2023-05-30 00:00:00','2023-06-02 00:00:00',2,'2023-06-01 00:00:00',NULL,NULL,NULL),
(391,207,3525,'2023-01-15 00:00:00','2023-01-20 00:00:00',5,'2023-01-20 00:00:00',NULL,NULL,NULL),
(392,204,3540,'2023-02-02 00:00:00','2023-02-09 00:00:00',6,'2023-02-08 00:00:00',NULL,NULL,NULL),
(393,210,3522,'2023-04-09 00:00:00','2023-04-12 00:00:00',2,'2023-04-11 00:00:00',NULL,NULL,NULL),
(394,208,3556,'2022-11-12 00:00:00','2022-11-15 00:00:00',2,'2022-11-14 00:00:00',NULL,NULL,NULL),
(395,211,3516,'2023-02-03 00:00:00','2023-02-09 00:00:00',5,'2023-02-08 00:00:00',NULL,NULL,NULL),
(396,206,3519,'2022-11-05 00:00:00','2022-11-09 00:00:00',4,'2022-11-09 00:00:00',NULL,NULL,NULL),
(397,210,3531,'2022-12-15 00:00:00','2022-12-18 00:00:00',3,'2022-12-18 00:00:00',NULL,NULL,NULL),
(398,207,3552,'2023-03-06 00:00:00','2023-03-10 00:00:00',3,'2023-03-09 00:00:00',NULL,NULL,NULL),
(399,205,3518,'2022-12-22 00:00:00','2022-12-24 00:00:00',2,'2022-12-24 00:00:00',NULL,NULL,NULL),
(400,206,3562,'2023-04-17 00:00:00','2023-04-19 00:00:00',2,'2023-04-19 00:00:00',NULL,NULL,NULL),
(401,207,3534,'2022-12-12 00:00:00','2022-12-18 00:00:00',5,'2022-12-17 00:00:00',NULL,NULL,NULL),
(402,204,3521,'2023-01-30 00:00:00','2023-02-03 00:00:00',3,'2023-02-02 00:00:00',NULL,NULL,NULL),
(403,207,3503,'2023-04-16 00:00:00','2023-04-23 00:00:00',6,'2023-04-22 00:00:00',NULL,NULL,NULL),
(404,206,3553,'2023-04-20 00:00:00','2023-04-27 00:00:00',6,'2023-04-26 00:00:00',NULL,NULL,NULL),
(405,211,3534,'2022-12-30 00:00:00','2023-01-06 00:00:00',6,'2023-01-05 00:00:00',NULL,NULL,NULL),
(406,205,3516,'2023-04-02 00:00:00','2023-04-04 00:00:00',2,'2023-04-04 00:00:00',NULL,NULL,NULL),
(407,205,3571,'2023-05-07 00:00:00','2023-05-14 00:00:00',6,'2023-05-13 00:00:00',NULL,NULL,NULL),
(408,213,3504,'2022-11-05 00:00:00','2022-11-06 00:00:00',1,'2022-11-06 00:00:00',NULL,NULL,NULL),
(409,205,3523,'2023-05-19 00:00:00','2023-05-25 00:00:00',6,'2023-05-25 00:00:00',NULL,NULL,NULL),
(410,208,3555,'2023-01-17 00:00:00','2023-01-24 00:00:00',6,'2023-01-23 00:00:00',NULL,NULL,NULL),
(411,207,3561,'2023-06-19 00:00:00','2023-06-25 00:00:00',6,'2023-06-25 00:00:00',NULL,NULL,NULL),
(412,213,3542,'2022-11-02 00:00:00','2022-11-06 00:00:00',3,'2022-11-05 00:00:00',NULL,NULL,NULL),
(413,204,3533,'2022-11-07 00:00:00','2022-11-13 00:00:00',5,'2022-11-12 00:00:00',NULL,NULL,NULL),
(414,212,3517,'2023-05-02 00:00:00','2023-05-06 00:00:00',3,'2023-05-05 00:00:00',NULL,NULL,NULL),
(415,204,3547,'2023-06-21 00:00:00','2023-06-23 00:00:00',2,'2023-06-23 00:00:00',NULL,NULL,NULL),
(416,206,3521,'2023-02-05 00:00:00','2023-02-09 00:00:00',4,'2023-02-09 00:00:00',NULL,NULL,NULL),
(417,204,3562,'2022-12-23 00:00:00','2022-12-27 00:00:00',3,'2022-12-26 00:00:00',NULL,NULL,NULL),
(418,209,3544,'2023-05-02 00:00:00','2023-05-05 00:00:00',3,'2023-05-05 00:00:00',NULL,NULL,NULL),
(419,212,3515,'2023-01-01 00:00:00','2023-01-07 00:00:00',5,'2023-01-06 00:00:00',NULL,NULL,NULL),
(420,210,3540,'2023-01-31 00:00:00','2023-02-06 00:00:00',5,'2023-02-05 00:00:00',NULL,NULL,NULL),
(421,212,3532,'2022-11-02 00:00:00','2022-11-07 00:00:00',4,'2022-11-06 00:00:00',NULL,NULL,NULL),
(422,212,3522,'2022-11-22 00:00:00','2022-11-27 00:00:00',5,'2022-11-27 00:00:00',NULL,NULL,NULL);
 

 commit;